id,sbgroup,HLA_A_allele1,HLA_A_allele2,HLA_B_allele1,HLA_B_allele2,HLA_C_allele1,HLA_C_allele2,HLA_DRB1_allele1,HLA_DRB1_allele2,HLA_DQB1_allele1,HLA_DQB1_allele2
HG00096,GBR,01:01,29:02,08:01,44:03,07:01,16:01,03:01,07:01,02:01,02:01
HG00097,GBR,03:01,24:02,07:02,07:02,07:02,07:02,15:01,13:03,03:01,06:02
HG00098,GBR,01:01,02:01,08:01,44:02,05:01,07:01,04:01,03:01,02:01,03:01
HG00099,GBR,01:01,68:01,08:01,44:02,07:01,07:04,03:01,11:01,02:01,03:01
HG00100,GBR,01:01,01:01,08:01,57:01,06:02,07:01,03:01,07:01,02:01,03:03
HG00101,GBR,11:01,32:01,27:05,57:01,02:02,06:02,15:01,04:04,03:02,06:02
HG00102,GBR,01:01,01:01,07:02,08:01,07:01,07:02,01:01,12:01,03:01,05:01
HG00103,GBR,02:01,11:01,35:01,40:01,03:04,04:01,01:01,13:02,05:01,06:04
HG00104,GBR,01:01,29:02,37:01,44:03,06:02,16:01,15:01,15:01,06:02,06:02
HG00105,GBR,02:01,03:01,07:02,44:03,04:01,07:02,15:01,07:01,02:01,06:03
HG00106,GBR,01:01,11:01,08:01,35:03,04:01,07:01,03:01,11:01,02:01,03:01
HG00107,GBR,03:01,03:01,07:02,40:01,03:04,07:02,15:01,15:01,06:02,06:02
HG00108,GBR,03:01,24:02,35:02,40:01,03:04,04:01,11:04,04:04,03:02,03:01
HG00109,GBR,01:01,02:05,08:01,44:02,05:01,07:01,15:01,03:01,02:01,06:02
HG00110,GBR,02:01,11:01,44:02,55:01,03:03,05:01,13:01,04:01,03:01,06:03
HG00111,GBR,11:01,30:02,27:05,57:01,02:02,05:01,04:03,07:01,03:02,03:03
HG00112,GBR,02:01,24:02,14:02,51:01,08:02,14:02,13:03,08:01,03:01,04:02
HG00113,GBR,02:01,29:02,07:02,44:03,07:02,16:01,15:01,07:01,02:01,06:02
HG00114,GBR,01:01,03:01,07:02,08:01,07:01,07:02,15:01,03:01,02:01,06:02
HG00115,GBR,03:01,11:01,27:05,27:05,01:02,01:02,01:01,01:01,05:01,05:01
HG00116,GBR,01:01,29:02,07:02,14:02,07:02,08:02,01:01,13:02,05:01,06:09
HG00117,GBR,01:01,11:01,08:01,55:01,03:03,07:01,03:01,04:07,02:01,03:01
HG00118,GBR,02:01,24:02,07:02,40:01,03:04,07:02,15:01,15:01,06:02,06:02
HG00119,GBR,03:01,26:01,35:03,38:01,04:01,12:03,03:01,14:01,02:01,05:03
HG00120,GBR,01:01,02:01,08:01,27:05,02:02,07:01,15:01,03:01,06:02,06:02
HG00121,GBR,03:01,24:02,07:02,40:01,03:04,07:02,15:01,04:04,03:02,06:02
HG00122,GBR,01:01,02:01,14:01,57:01,06:02,08:02,07:01,07:01,02:01,03:03
HG00123,GBR,01:01,11:01,44:03,57:01,05:01,06:02,07:01,07:01,02:01,03:03
HG00124,GBR,02:01,26:01,38:01,40:01,03:04,12:03,15:01,14:01,05:03,06:02
HG00125,GBR,02:01,24:02,14:02,44:02,05:01,08:02,13:03,04:01,03:01,03:01
HG00126,GBR,24:02,29:02,35:03,44:03,12:03,16:01,14:01,07:01,02:01,05:03
HG00127,GBR,26:01,26:01,38:01,45:01,06:02,12:03,04:01,04:03,03:02,03:04
HG00128,GBR,02:01,02:01,14:02,27:05,02:02,08:02,01:01,12:01,03:01,05:01
HG00129,GBR,01:01,02:01,13:02,35:01,04:01,06:02,01:01,07:01,02:01,05:01
HG00130,GBR,23:01,29:02,15:03,44:03,02:10,16:01,07:01,10:01,02:01,05:01
HG00131,GBR,01:01,03:01,37:01,57:01,06:02,06:02,11:01,07:01,03:03,03:01
HG00132,GBR,02:01,68:01,35:03,44:02,04:01,05:01,01:01,04:01,03:01,05:01
HG00133,GBR,02:01,32:01,44:02,53:01,04:01,05:01,13:02,04:04,03:02,06:04
HG00134,GBR,02:01,02:01,44:02,57:01,05:01,06:02,04:01,07:01,03:03,03:01
HG00135,GBR,03:01,03:01,07:02,07:02,07:02,07:02,15:01,15:01,06:02,06:02
HG00136,GBR,02:01,02:01,44:02,51:01,05:01,16:02,13:01,04:01,03:01,06:03
HG00137,GBR,01:01,02:01,08:01,44:02,05:01,07:01,03:01,13:01,02:01,06:03
HG00138,GBR,02:01,11:01,35:01,51:01,04:01,14:02,01:01,13:01,05:01,06:03
HG00139,GBR,02:01,23:01,44:03,44:03,16:01,16:01,07:01,07:01,02:01,02:01
HG00140,GBR,01:01,31:01,40:01,57:01,03:04,06:02,01:01,03:01,02:01,05:01
HG00141,GBR,03:01,24:02,15:01,35:01,03:03,04:01,01:01,04:01,03:02,05:01
HG00142,GBR,02:01,29:02,45:01,57:01,06:02,06:02,04:01,07:01,03:03,03:01
HG00143,GBR,02:01,02:01,07:02,57:01,06:02,07:02,15:01,07:01,03:03,06:03
HG00145,GBR,01:01,24:02,07:02,40:01,03:04,07:02,15:01,13:02,06:02,06:04
HG00146,GBR,01:01,25:01,08:01,35:01,04:01,07:01,01:01,03:01,02:01,05:01
HG00148,GBR,02:01,11:01,40:01,44:02,03:04,05:01,13:02,04:01,03:01,06:04
HG00149,GBR,02:01,02:01,13:02,44:03,06:02,16:01,01:01,07:01,02:01,05:01
HG00150,GBR,02:01,11:01,27:05,51:01,02:02,15:02,14:01,04:04,03:02,05:03
HG00151,GBR,11:01,30:02,08:01,55:01,03:03,07:01,01:01,03:01,02:01,05:01
HG00152,GBR,02:01,02:01,15:01,41:01,03:03,17:01,04:01,04:04,03:02,03:01
HG00154,GBR,02:01,03:01,35:01,39:01,04:01,12:03,01:01,04:04,03:02,05:01
HG00155,GBR,02:01,32:01,14:01,57:01,06:02,08:02,07:01,07:01,02:01,03:03
HG00156,GBR,01:01,32:01,44:02,57:01,05:01,06:02,01:01,07:01,03:03,05:01
HG00157,GBR,02:01,68:01,07:02,45:01,03:04,06:02,15:01,04:05,03:02,06:02
HG00158,GBR,02:01,32:01,07:02,56:01,01:02,07:02,15:01,04:01,03:02,06:02
HG00159,GBR,02:01,11:01,07:02,55:01,03:03,07:02,15:01,08:01,04:02,06:02
HG00160,GBR,02:01,24:02,13:02,39:06,06:02,07:02,07:01,08:01,02:01,04:02
HG00171,FIN,02:01,02:01,13:02,51:01,06:02,15:02,07:01,09:01,02:01,03:03
HG00173,FIN,02:01,31:01,40:01,44:02,03:04,07:04,16:01,08:01,04:02,05:02
HG00174,FIN,02:01,23:01,15:01,38:01,04:01,12:03,01:01,08:01,04:02,05:01
HG00176,FIN,01:01,02:01,15:01,35:01,03:03,04:01,13:01,04:01,03:02,06:03
HG00177,FIN,02:01,02:01,13:02,40:01,03:04,06:02,07:01,08:01,02:01,04:02
HG00178,FIN,01:01,03:01,07:02,08:01,07:01,07:02,15:01,04:01,03:02,06:02
HG00179,FIN,03:01,03:01,07:02,35:01,04:01,07:02,01:01,15:01,05:01,06:02
HG00180,FIN,02:01,03:01,40:02,41:01,02:02,07:01,11:01,11:01,03:01,03:01
HG00181,FIN,02:01,69:01,15:01,55:01,03:03,04:01,15:01,08:01,04:02,06:03
HG00182,FIN,02:01,32:01,35:01,44:02,04:01,05:01,01:01,03:01,02:01,05:01
HG00183,FIN,02:01,11:01,40:02,55:01,02:02,03:03,11:01,04:07,03:01,03:01
HG00185,FIN,02:01,26:01,40:02,44:02,03:04,05:01,01:01,13:02,05:01,06:04
HG00186,FIN,02:01,32:01,15:18,27:05,02:02,07:04,04:04,08:01,03:02,04:02
HG00187,FIN,11:01,68:01,15:01,55:01,03:04,03:03,15:01,04:03,03:02,06:02
HG00188,FIN,29:02,31:01,39:01,44:03,12:03,16:01,07:01,12:01,03:03,03:01
HG00189,FIN,02:01,03:01,07:02,08:01,07:01,07:02,03:01,13:01,02:01,06:03
HG00190,FIN,11:01,68:01,35:01,35:01,03:03,04:01,04:01,08:01,03:02,04:02
HG00231,GBR,02:01,25:01,44:02,51:01,07:04,15:02,13:02,04:04,03:02,06:04
HG00232,GBR,03:01,03:01,07:02,27:05,02:02,07:02,15:01,14:01,05:03,06:02
HG00233,GBR,02:01,29:02,35:01,44:02,04:01,05:01,01:01,04:04,03:02,05:01
HG00234,GBR,02:01,25:01,18:01,44:02,05:01,12:03,15:01,04:04,03:02,06:02
HG00235,GBR,26:01,68:01,07:02,44:02,05:01,07:02,04:04,09:01,03:02,03:03
HG00236,GBR,03:01,24:02,07:02,39:06,07:02,07:02,15:01,04:04,03:02,06:02
HG00237,GBR,03:01,24:02,35:01,39:06,04:01,07:02,01:01,08:01,04:02,05:01
HG00238,GBR,02:01,11:01,51:01,56:01,01:02,15:02,15:01,11:01,03:01,06:02
HG00239,GBR,02:01,24:02,37:01,44:02,05:01,06:02,11:03,12:01,03:01,03:01
HG00240,GBR,02:01,02:01,51:01,56:01,01:02,14:02,11:01,08:01,03:01,04:02
HG00242,GBR,31:01,68:01,27:05,27:05,02:02,02:02,13:01,04:01,03:02,06:03
HG00243,GBR,29:02,68:01,44:03,44:02,16:01,16:04,15:01,07:01,02:01,06:02
HG00244,GBR,02:01,02:05,15:01,58:01,03:04,07:01,03:01,04:01,02:01,03:02
HG00245,GBR,02:01,32:01,40:01,40:01,03:04,03:04,11:02,04:04,03:02,03:01
HG00246,GBR,03:01,11:01,27:05,51:01,01:02,01:02,01:01,11:01,03:01,05:01
HG00247,GBR,02:01,03:01,14:02,15:01,01:02,08:02,13:02,08:01,04:02,06:09
HG00249,GBR,02:24,11:01,07:02,51:01,07:02,15:02,15:01,07:01,02:01,06:02
HG00250,GBR,01:01,02:01,40:01,57:01,03:04,06:02,04:01,04:04,03:02,03:01
HG00251,GBR,01:01,02:01,08:01,39:01,07:01,07:02,03:01,08:01,02:01,04:02
HG00252,GBR,02:01,29:02,40:02,44:03,02:02,16:01,07:01,09:01,02:01,03:03
HG00253,GBR,01:01,25:01,07:02,58:01,07:01,07:02,15:01,13:03,03:01,06:02
HG00254,GBR,03:01,33:01,14:02,14:02,08:02,08:02,01:02,13:02,05:01,06:09
HG00255,GBR,02:01,29:02,39:01,44:03,07:02,16:01,07:01,08:01,02:01,04:02
HG00256,GBR,02:01,32:01,14:01,15:01,03:03,08:02,13:01,07:01,02:01,06:03
HG00257,GBR,02:01,68:01,08:01,40:02,01:02,07:01,03:01,13:01,02:01,06:03
HG00258,GBR,02:01,68:01,40:01,40:01,03:04,03:04,14:01,04:04,03:02,05:03
HG00259,GBR,02:01,11:01,13:02,40:01,03:04,06:02,11:04,04:03,03:02,03:01
HG00260,GBR,02:01,25:01,18:01,44:02,05:01,07:01,01:01,04:01,03:02,05:01
HG00261,GBR,01:01,25:01,55:01,57:01,03:03,06:02,03:01,14:01,02:01,05:03
HG00262,GBR,03:01,03:01,44:03,44:02,04:01,05:01,04:01,04:04,03:02,03:01
HG00263,GBR,03:01,30:04,07:02,41:01,07:02,17:01,15:01,11:02,03:01,06:02
HG00264,GBR,02:01,03:01,27:05,44:02,02:02,05:01,04:01,04:07,03:01,03:01
HG00265,GBR,01:01,01:01,08:01,08:01,07:01,07:01,03:01,03:01,02:01,02:01
HG00266,FIN,01:01,03:01,08:01,35:01,04:01,07:01,01:01,03:01,02:01,05:01
HG00267,FIN,02:01,24:02,41:01,57:01,06:02,17:01,07:01,07:01,03:03,03:03
HG00268,FIN,03:01,25:01,07:02,18:01,07:02,12:03,15:01,15:01,06:02,06:02
HG00269,FIN,03:01,03:01,07:02,35:01,03:04,04:01,01:01,01:01,05:01,05:01
HG00270,FIN,03:01,26:01,35:01,38:01,04:01,12:03,01:01,03:01,02:01,05:01
HG00271,FIN,02:01,03:01,27:05,47:01,02:02,06:02,15:01,08:01,04:02,06:02
HG00272,FIN,01:01,32:01,08:01,15:01,03:03,07:01,03:01,13:01,02:01,06:03
HG00273,FIN,03:01,11:01,07:02,35:01,04:01,07:02,01:01,11:01,03:01,05:01
HG00274,FIN,03:01,03:01,15:01,35:01,03:03,04:01,07:01,08:01,03:03,04:02
HG00275,FIN,02:01,03:01,07:02,15:01,04:01,07:02,15:01,15:01,06:02,06:02
HG00276,FIN,03:01,03:01,35:01,51:01,04:01,15:02,01:01,09:01,03:03,05:01
HG00277,FIN,02:01,31:01,07:02,56:01,01:02,07:02,15:01,04:01,03:02,06:02
HG00278,FIN,02:01,02:01,39:01,51:01,07:02,15:02,08:01,09:01,03:03,04:02
HG00280,FIN,02:01,03:01,08:01,27:05,01:02,07:01,03:01,12:01,02:01,03:01
HG00281,FIN,02:01,02:01,15:01,35:01,04:01,04:01,01:01,08:01,04:02,05:01
HG00282,FIN,02:01,03:01,07:02,40:01,03:04,07:02,15:01,13:02,06:02,06:04
HG00284,FIN,01:01,11:01,08:01,57:01,06:02,07:01,03:01,08:01,02:01,04:02
HG00285,FIN,02:01,68:01,15:01,40:01,03:04,03:04,04:01,04:04,03:02,03:02
HG00306,FIN,01:01,02:01,08:01,27:05,02:02,07:01,03:01,08:01,02:01,04:02
HG00308,FIN,03:01,03:01,35:01,35:01,04:01,04:01,01:01,01:01,05:01,05:01
HG00309,FIN,01:01,03:01,27:05,35:01,01:02,04:01,01:01,04:08,03:01,05:01
HG00310,FIN,03:01,03:01,07:02,15:01,03:03,07:02,15:01,13:01,06:02,06:03
HG00311,FIN,03:01,11:01,07:02,44:02,03:04,05:01,01:01,01:01,05:01,05:01
HG00312,FIN,02:01,11:01,27:05,44:02,02:02,05:01,07:01,12:01,02:01,03:01
HG00313,FIN,03:01,03:01,07:02,35:01,04:01,07:02,01:01,04:01,03:02,05:01
HG00315,FIN,02:01,30:01,13:02,56:01,01:02,06:02,04:01,07:01,02:01,03:02
HG00318,FIN,03:01,03:01,07:02,13:02,06:02,07:02,04:04,07:01,02:01,03:02
HG00319,FIN,02:01,03:01,07:02,56:01,01:02,03:04,01:01,15:01,05:01,06:02
HG00320,FIN,03:01,30:01,15:01,35:01,03:03,03:03,08:01,08:01,04:02,04:02
HG00321,FIN,02:01,02:01,15:01,40:01,03:04,03:03,15:01,08:01,04:02,05:03
HG00323,FIN,24:02,24:02,18:01,40:01,03:04,12:03,15:01,13:02,06:02,06:04
HG00324,FIN,03:01,68:01,35:01,40:01,03:04,04:01,01:01,04:04,03:02,05:01
HG00325,FIN,03:01,68:01,35:01,35:01,03:03,04:01,01:01,08:01,04:02,05:01
HG00326,FIN,02:01,02:01,40:01,57:01,03:04,06:02,04:01,07:01,03:02,03:03
HG00327,FIN,02:01,02:01,08:01,44:02,05:01,07:01,03:01,12:01,02:01,03:01
HG00328,FIN,02:01,02:01,15:01,27:05,01:02,03:03,04:08,10:01,03:01,05:01
HG00329,FIN,02:01,31:01,15:01,51:01,03:03,15:02,01:01,13:01,05:01,06:03
HG00330,FIN,01:01,02:01,15:01,57:01,03:03,06:02,13:01,07:01,03:03,06:03
HG00331,FIN,02:01,02:01,15:01,35:01,03:04,04:01,14:01,04:04,03:02,05:03
HG00332,FIN,02:01,03:01,07:02,35:01,04:01,07:02,01:01,15:01,05:01,06:02
HG00334,FIN,02:01,32:01,15:01,39:01,04:01,07:02,11:01,08:01,03:01,04:02
HG00335,FIN,01:01,02:01,15:01,27:05,02:02,04:01,11:01,04:01,03:02,03:01
HG00336,FIN,01:01,03:01,08:01,35:01,04:01,07:01,01:01,15:01,05:01,06:02
HG00337,FIN,03:01,03:01,07:02,07:02,07:02,07:02,13:01,13:02,06:03,06:04
HG00338,FIN,03:01,68:01,35:01,44:02,04:01,05:01,01:01,13:01,05:01,06:03
HG00339,FIN,01:01,68:01,27:05,40:02,02:02,03:04,01:01,08:02,04:02,05:01
HG00341,FIN,01:02,68:01,40:01,57:01,03:04,06:02,04:02,09:01,03:02,03:03
HG00342,FIN,02:01,11:01,13:02,44:02,05:01,06:02,12:01,09:01,03:03,03:01
HG00343,FIN,03:01,32:01,35:01,39:01,04:01,07:02,01:01,08:01,04:02,05:01
HG00344,FIN,02:01,03:01,07:02,07:02,07:02,07:02,15:01,15:01,06:02,06:02
HG00345,FIN,01:01,03:01,08:01,35:01,04:01,07:01,01:01,03:01,02:01,05:01
HG00346,FIN,03:01,31:01,18:01,51:01,07:01,14:02,15:01,13:01,06:02,06:03
HG00349,FIN,01:01,68:01,08:01,27:05,02:02,07:01,01:01,03:01,02:01,05:01
HG00350,FIN,02:01,02:01,15:01,15:01,03:04,04:01,01:01,04:01,03:02,05:01
HG00351,FIN,02:01,24:02,07:02,38:01,07:02,12:03,15:01,13:01,06:02,06:03
HG00353,FIN,31:01,32:01,18:01,44:02,05:01,07:01,15:01,15:01,06:02,06:02
HG00355,FIN,03:01,29:02,44:03,47:01,06:02,16:01,15:01,07:01,02:01,06:02
HG00356,FIN,01:01,24:02,08:01,40:01,03:04,07:01,03:01,08:01,02:01,04:02
HG00357,FIN,01:01,02:01,08:01,57:01,06:02,07:01,03:01,07:01,02:01,03:03
HG00358,FIN,02:01,03:01,27:05,47:01,01:02,06:02,15:01,04:08,03:01,06:02
HG00359,FIN,03:01,32:01,07:02,35:01,04:01,07:02,01:01,01:01,05:01,05:01
HG00360,FIN,02:01,24:02,39:01,44:02,05:01,07:02,04:01,04:04,03:02,03:01
HG00361,FIN,03:01,24:02,07:02,35:01,04:01,07:02,01:01,15:01,05:01,06:02
HG00362,FIN,02:01,11:01,27:05,44:02,01:02,05:01,01:01,04:04,03:02,05:01
HG00364,FIN,03:01,03:01,35:01,67:01,04:01,12:03,01:01,01:01,05:01,05:01
HG00365,FIN,26:01,31:01,44:02,56:01,03:04,07:04,01:01,11:01,03:01,05:01
HG00366,FIN,02:01,24:02,07:02,15:01,03:03,07:02,04:01,09:01,03:02,03:03
HG00367,FIN,03:01,68:01,35:01,37:01,04:01,06:02,04:01,10:01,03:01,05:01
HG00368,FIN,02:01,02:01,13:02,56:01,01:02,06:02,04:01,07:01,02:01,03:02
HG00369,FIN,02:01,03:01,27:05,44:02,02:02,07:04,08:01,10:01,04:02,05:01
HG00371,FIN,02:01,68:01,35:01,40:01,03:04,03:03,08:01,08:01,04:02,04:02
HG00372,FIN,02:01,02:01,27:05,40:01,02:02,03:04,13:02,08:01,04:02,06:04
HG00373,FIN,01:01,02:01,15:01,56:01,01:02,03:03,13:01,04:01,03:02,06:03
HG00375,FIN,02:01,03:01,13:02,40:01,03:04,06:02,01:01,07:01,02:01,05:01
HG00376,FIN,02:01,03:01,40:01,51:01,03:04,14:02,13:01,13:02,06:03,06:04
HG00377,FIN,03:01,31:01,44:02,51:01,01:02,07:04,16:01,13:01,05:02,06:03
HG00378,FIN,02:01,24:02,35:01,40:01,03:04,04:01,01:01,13:02,05:01,06:04
HG00379,FIN,02:01,03:01,07:02,44:02,05:01,07:02,13:01,04:01,03:02,06:03
HG00380,FIN,01:01,03:01,07:02,08:01,03:04,07:01,01:01,13:01,05:01,06:03
HG00381,FIN,02:01,32:01,15:01,39:01,03:04,07:02,04:01,08:01,03:01,04:02
HG00382,FIN,03:01,24:02,07:02,44:02,05:01,07:02,15:01,15:01,06:02,06:02
HG00383,FIN,02:01,24:02,18:01,27:05,02:02,07:01,11:04,08:01,03:01,04:02
HG00384,FIN,02:01,03:01,35:01,40:02,04:01,07:04,01:01,12:01,03:01,05:01
HG00403,CHS,02:01,31:01,13:01,35:01,03:04,03:03,15:01,12:02,03:01,06:02
HG00404,CHS,11:01,24:02,15:12,27:04,03:03,03:03,11:01,12:01,03:01,03:01
HG00406,CHS,11:01,11:01,07:02,15:02,07:02,08:01,01:01,14:01,05:01,05:02
HG00407,CHS,02:07,02:01,40:01,40:02,03:03,07:02,15:01,14:01,05:02,06:02
HG00418,CHS,24:02,24:02,15:18,51:01,08:01,14:02,11:01,14:03,03:01,03:01
HG00419,CHS,02:06,24:02,13:01,40:01,03:04,03:04,08:03,09:01,03:03,06:01
HG00421,CHS,02:07,30:01,13:02,46:01,01:02,06:02,07:01,09:01,02:01,03:03
HG00422,CHS,11:01,11:01,13:01,44:03,03:04,04:01,04:07,08:03,03:02,06:01
HG00427,CHS,02:01,24:02,13:01,15:18,03:04,08:01,11:01,12:02,03:01,03:01
HG00428,CHS,24:02,30:01,13:02,46:01,01:02,06:02,11:01,07:01,02:01,03:01
HG00436,CHS,24:02,24:02,48:01,54:01,01:02,08:03,14:05,09:01,03:03,05:03
HG00437,CHS,02:07,02:06,40:01,51:01,07:02,14:02,04:05,08:03,04:01,06:01
HG00442,CHS,11:01,11:01,40:01,40:02,07:02,07:02,14:01,04:06,03:02,05:02
HG00443,CHS,02:07,11:02,13:01,54:01,03:04,15:02,15:01,11:01,03:01,06:01
HG00445,CHS,24:02,24:02,07:02,67:01,07:02,07:02,01:01,16:02,05:01,05:02
HG00446,CHS,11:01,11:01,13:01,40:01,03:04,03:04,16:02,11:01,03:01,05:02
HG00448,CHS,02:07,11:01,46:01,56:01,01:02,01:02,13:12,14:01,03:01,05:02
HG00449,CHS,02:07,11:01,39:01,46:01,01:02,07:02,14:01,08:03,05:02,06:01
HG00451,CHS,11:01,11:01,15:01,40:01,03:04,03:03,11:01,12:02,03:01,03:01
HG00452,CHS,11:01,11:01,40:01,55:02,03:04,12:03,01:01,11:01,03:01,05:01
HG00457,CHS,02:07,11:01,39:01,46:01,01:02,07:02,15:01,09:01,03:03,06:01
HG00458,CHS,02:07,11:01,15:01,46:01,01:02,04:01,04:06,09:01,03:02,03:03
HG00463,CHS,02:07,11:01,15:02,46:01,01:02,08:01,12:02,09:01,03:03,03:01
HG00464,CHS,02:06,11:01,15:01,40:01,04:01,07:02,04:06,08:03,03:02,06:01
HG00472,CHS,01:01,24:08,15:01,57:01,03:03,06:02,14:05,04:07,03:02,05:03
HG00473,CHS,02:07,33:03,46:01,58:01,01:02,03:02,03:01,09:01,02:01,03:03
HG00475,CHS,11:01,33:03,13:01,58:01,03:02,03:04,15:01,14:01,05:03,06:01
HG00476,CHS,11:01,24:02,40:01,40:01,03:04,04:01,13:12,09:01,03:03,03:01
HG00478,CHS,11:01,24:02,40:01,40:01,07:02,07:02,16:02,09:01,03:03,05:02
HG00479,CHS,02:07,24:02,46:01,55:02,01:02,01:02,15:01,09:01,03:03,06:02
HG00500,CHS,11:01,11:01,40:01,46:01,01:02,07:02,11:01,09:01,03:03,03:01
HG00501,CHS,24:02,24:02,46:01,51:08,03:04,16:02,15:01,04:06,03:02,06:01
HG00512,CHS,02:07,24:02,46:01,46:01,01:02,03:04,15:01,08:03,06:01,06:01
HG00513,CHS,02:03,02:01,40:01,55:02,03:04,04:03,14:05,08:03,05:03,06:01
HG00524,CHS,02:07,02:06,40:06,46:01,01:02,08:01,08:03,09:01,03:03,06:01
HG00525,CHS,03:01,11:01,07:02,35:01,03:03,07:02,07:01,08:03,03:03,06:01
HG00530,CHS,11:01,11:01,39:01,39:01,07:02,07:02,08:03,08:03,06:01,06:01
HG00531,CHS,02:07,24:02,35:01,46:01,01:03,03:03,15:01,12:02,03:01,06:02
HG00533,CHS,02:07,31:01,39:01,48:01,07:02,08:03,15:01,08:03,06:01,06:02
HG00534,CHS,02:07,11:01,46:01,57:01,01:02,06:02,07:01,09:01,03:03,03:03
HG00536,CHS,02:07,33:03,15:02,46:01,01:02,08:01,12:02,09:01,03:03,03:01
HG00537,CHS,02:01,11:02,46:01,46:01,01:02,01:02,04:05,09:01,03:03,04:01
HG00542,CHS,11:01,33:03,46:01,58:01,01:02,03:02,13:02,09:01,03:03,06:09
HG00543,CHS,02:07,26:01,35:01,46:01,01:02,03:03,15:01,09:01,03:03,06:02
HG00551,PUR,02:05,29:02,44:03,50:01,06:02,16:01,16:01,13:02,05:02,06:04
HG00553,PUR,02:01,30:04,44:03,58:01,07:01,07:01,01:02,07:01,02:01,05:01
HG00554,PUR,02:01,30:02,35:01,39:01,04:01,12:03,13:01,13:02,06:03,06:09
HG00556,CHS,02:03,02:01,40:01,40:01,03:04,07:02,12:02,09:01,03:03,03:01
HG00557,CHS,01:01,02:07,37:01,48:01,06:02,12:02,14:05,10:01,05:01,05:03
HG00559,CHS,24:02,33:03,55:02,58:01,01:02,03:02,03:01,09:01,02:01,03:03
HG00560,CHS,02:03,24:02,15:02,39:01,07:02,08:01,15:01,08:03,06:01,06:02
HG00565,CHS,02:03,33:03,40:01,40:01,03:04,07:02,16:02,16:02,05:02,05:02
HG00566,CHS,02:07,24:02,46:01,58:01,01:02,03:02,03:01,09:01,02:01,03:03
HG00577,CHS,02:03,11:02,07:02,40:01,07:02,07:02,01:01,15:01,05:01,06:02
HG00578,CHS,11:01,33:03,40:01,51:02,07:02,15:02,12:01,09:01,03:03,03:01
HG00580,CHS,03:01,30:01,13:02,51:01,04:01,06:02,07:01,08:03,02:01,06:01
HG00581,CHS,02:01,33:03,15:11,40:01,03:03,07:02,15:01,12:01,03:01,06:02
HG00583,CHS,03:01,24:02,40:01,55:02,01:02,03:04,11:01,04:05,03:02,03:01
HG00584,CHS,11:02,24:02,40:01,40:01,03:04,07:02,15:01,11:01,03:01,06:02
HG00589,CHS,02:01,02:01,13:01,51:01,03:04,14:02,15:01,11:01,03:01,06:01
HG00590,CHS,02:06,11:01,15:25,35:01,03:03,04:03,15:01,11:01,03:01,05:02
HG00592,CHS,02:06,26:01,08:01,51:01,07:02,14:02,03:01,07:01,02:01,02:01
HG00593,CHS,24:02,24:02,27:04,35:01,03:03,12:02,15:01,04:03,03:02,06:02
HG00595,CHS,02:01,11:01,15:02,40:01,07:02,08:01,12:02,09:01,03:03,03:01
HG00596,CHS,11:01,24:02,15:01,40:01,03:04,04:01,11:01,09:01,03:03,03:01
HG00607,CHS,26:01,33:03,40:01,58:01,03:02,03:04,15:01,08:03,06:01,06:02
HG00608,CHS,11:02,24:02,40:01,40:02,07:02,15:02,12:02,09:01,03:03,03:01
HG00610,CHS,02:10,02:06,40:06,51:01,08:01,14:02,12:01,12:01,03:01,03:01
HG00611,CHS,02:07,02:07,46:01,46:01,01:02,01:02,11:01,04:05,03:01,04:01
HG00613,CHS,02:03,24:02,40:01,46:01,01:02,03:04,09:01,09:01,03:03,03:03
HG00614,CHS,02:01,11:01,13:01,55:02,01:02,03:04,04:05,12:02,03:01,04:01
HG00619,CHS,02:03,02:01,40:01,56:01,03:04,07:02,14:01,09:01,03:03,05:03
HG00620,CHS,11:01,24:02,15:02,51:01,08:01,15:02,11:01,12:02,03:01,03:01
HG00625,CHS,11:02,11:02,15:01,35:01,04:01,15:02,15:01,04:06,03:02,06:02
HG00626,CHS,02:01,11:01,15:27,40:01,04:01,07:02,15:01,04:06,03:02,06:02
HG00628,CHS,02:01,24:02,13:01,38:02,03:04,07:02,15:01,07:01,02:01,06:01
HG00629,CHS,11:01,11:01,35:01,40:02,03:03,07:02,08:03,12:02,03:01,06:01
HG00634,CHS,11:01,24:02,39:01,39:01,07:02,07:02,08:03,09:01,03:03,06:01
HG00635,CHS,02:01,33:03,15:11,40:01,03:03,07:02,15:01,12:01,03:01,06:02
HG00637,PUR,02:01,02:01,44:02,45:01,05:01,16:01,04:03,12:01,03:02,03:01
HG00638,PUR,03:01,32:01,35:01,51:01,04:01,04:01,11:01,04:03,03:04,03:01
HG00640,PUR,03:01,30:02,07:05,18:01,05:01,15:05,03:01,04:02,02:01,03:02
HG00641,PUR,02:01,23:01,07:02,15:03,02:10,07:02,15:01,11:01,06:02,06:03
HG00650,CHS,02:03,11:01,46:01,58:01,01:02,03:02,11:01,12:02,03:01,03:01
HG00651,CHS,02:01,11:01,13:01,46:01,01:02,03:04,04:04,08:03,03:02,06:01
HG00653,CHS,02:07,33:03,51:01,58:01,03:02,15:02,03:01,08:03,02:01,06:01
HG00654,CHS,11:01,24:04,40:01,40:01,03:04,07:02,15:01,08:03,06:01,06:02
HG00656,CHS,11:01,11:01,39:01,46:01,01:02,07:02,14:01,08:03,05:02,06:01
HG00657,CHS,02:07,11:01,46:01,51:01,01:02,14:02,14:04,09:01,03:03,05:03
HG00662,CHS,02:07,02:06,40:01,46:01,03:04,03:03,15:01,09:01,03:03,06:02
HG00663,CHS,24:02,74:01,40:01,51:01,12:03,14:02,15:01,04:05,04:01,05:02
HG00671,CHS,02:06,24:02,15:02,48:03,08:01,08:01,11:01,12:02,03:01,03:01
HG00672,CHS,02:03,31:01,38:02,51:02,07:02,15:02,08:03,08:03,06:01,06:01
HG00683,CHS,02:07,11:02,40:01,46:01,01:02,07:02,11:01,09:01,03:03,03:01
HG00684,CHS,02:01,11:01,13:01,13:01,03:04,03:04,15:01,15:01,06:01,06:01
HG00689,CHS,11:01,24:02,40:01,48:01,03:03,08:01,04:05,09:01,03:03,04:02
HG00690,CHS,24:02,24:02,39:01,40:01,03:04,07:02,14:01,04:06,03:02,05:02
HG00692,CHS,02:01,11:01,15:01,46:01,01:02,07:02,11:01,04:04,03:02,03:01
HG00693,CHS,02:07,24:02,13:01,40:01,03:04,07:02,13:12,08:03,03:01,06:01
HG00698,CHS,02:03,02:03,38:02,58:01,03:36,07:02,15:02,13:01,05:02,06:03
HG00699,CHS,02:01,33:03,52:01,58:01,03:02,07:02,03:01,12:02,02:01,05:02
HG00701,CHS,11:01,24:02,15:02,46:01,01:02,08:01,15:01,09:01,03:03,06:01
HG00702,CHS,02:07,11:01,46:01,46:01,01:02,01:02,14:01,09:01,03:03,05:02
HG00704,CHS,02:03,02:01,13:01,38:02,03:04,07:02,15:01,16:02,05:02,06:01
HG00705,CHS,11:01,24:02,27:04,54:01,01:02,08:01,15:01,14:05,05:03,06:02
HG00707,CHS,02:07,11:01,40:01,46:01,01:02,07:02,16:02,14:07,05:02,05:03
HG00708,CHS,01:01,02:07,46:01,57:01,01:02,06:02,07:01,09:01,03:03,03:03
HG00731,PUR,24:02,24:02,08:01,35:02,04:01,07:01,11:04,12:01,03:01,03:01
HG00732,PUR,11:01,30:02,18:01,35:01,04:01,05:01,03:01,14:01,02:01,05:03
HG00734,PUR,03:01,33:01,07:02,14:02,07:02,08:02,11:01,04:11,03:02,06:02
HG00736,PUR,01:01,02:05,08:01,58:01,07:01,07:01,16:01,03:01,02:01,05:02
HG00737,PUR,03:01,68:01,35:01,51:01,04:01,15:02,13:01,14:01,05:03,06:03
HG00739,PUR,11:01,24:02,35:01,57:01,04:01,07:01,11:01,13:03,03:01,03:01
HG00740,PUR,29:02,68:02,27:05,57:03,01:02,07:01,01:01,03:02,04:02,05:01
HG01047,PUR,03:01,31:01,07:02,56:01,01:02,07:02,01:01,01:01,05:01,05:01
HG01048,PUR,02:01,31:01,40:01,44:02,03:04,05:01,04:01,04:04,03:02,03:01
HG01049,PUR,29:02,31:01,44:03,51:01,15:02,16:01,16:01,07:01,02:01,05:02
HG01051,PUR,02:02,24:02,15:16,35:03,12:03,14:02,03:02,07:01,02:01,04:02
HG01052,PUR,01:01,33:03,15:10,52:01,03:04,12:02,15:02,04:05,03:02,06:01
HG01054,PUR,01:01,68:02,08:01,57:03,07:01,07:01,03:01,03:02,02:01,04:02
HG01055,PUR,02:01,24:02,35:02,40:04,03:04,04:01,11:04,04:11,03:02,03:01
HG01060,PUR,03:01,24:02,35:03,56:01,01:02,04:01,01:01,13:02,05:01,06:04
HG01061,PUR,23:01,23:01,44:03,44:03,04:01,16:01,04:05,07:01,02:01,03:02
HG01066,PUR,02:01,32:01,18:01,51:01,05:01,15:02,03:01,04:02,02:01,03:02
HG01067,PUR,24:02,30:02,07:02,18:01,07:02,12:03,11:04,09:01,02:01,03:01
HG01069,PUR,01:01,24:02,08:01,44:02,05:01,07:01,03:01,07:01,02:01,02:01
HG01070,PUR,01:01,03:01,08:01,40:01,03:04,07:01,03:01,03:01,02:01,02:01
HG01072,PUR,01:01,31:01,14:02,50:01,06:02,08:02,15:01,08:02,04:02,06:02
HG01073,PUR,23:01,29:02,44:03,44:03,16:01,16:01,07:01,07:01,02:01,02:01
HG01075,PUR,03:01,33:01,14:02,14:02,08:02,15:05,01:02,07:01,02:01,05:01
HG01079,PUR,24:02,80:01,39:01,40:02,04:01,12:03,11:01,11:01,03:01,03:01
HG01080,PUR,23:01,24:02,15:18,15:03,02:10,07:04,11:01,04:02,03:02,06:02
HG01082,PUR,29:02,31:01,39:05,44:03,07:02,16:01,04:11,07:01,02:01,03:02
HG01083,PUR,02:01,68:01,44:02,51:01,05:01,15:02,13:01,04:11,04:02,06:03
HG01085,PUR,24:03,30:02,18:01,35:11,03:04,05:01,16:02,03:01,02:01,03:01
HG01086,PUR,02:20,30:01,07:02,42:01,07:02,17:01,15:03,03:02,04:02,06:02
HG01094,PUR,24:02,68:01,44:02,52:01,03:04,04:01,11:01,08:02,03:01,04:02
HG01095,PUR,24:02,33:01,14:02,35:11,03:04,08:02,03:01,14:02,02:01,03:01
HG01097,PUR,02:01,11:01,40:02,51:01,02:02,03:05,01:02,07:01,02:01,05:01
HG01098,PUR,29:02,32:01,40:02,44:03,02:02,16:01,07:01,08:01,02:01,04:02
HG01101,PUR,02:01,24:02,08:01,35:01,07:01,16:01,01:02,03:01,02:01,05:01
HG01102,PUR,02:02,31:01,15:16,40:01,03:04,14:02,13:03,04:04,03:02,03:01
HG01104,PUR,29:02,68:02,14:02,40:02,02:02,08:02,03:01,13:01,02:01,06:03
HG01105,PUR,01:01,31:01,35:01,49:01,07:02,16:04,11:02,11:03,03:01,03:01
HG01107,PUR,03:01,68:01,35:03,52:01,03:04,04:01,13:02,08:02,04:02,06:04
HG01108,PUR,02:01,30:02,35:01,44:02,04:01,05:01,01:02,04:01,03:01,05:01
HG01110,PUR,29:01,68:01,35:02,45:01,04:01,06:02,13:01,04:04,03:02,06:03
HG01111,PUR,11:01,68:02,14:02,35:01,04:01,08:02,01:02,01:03,05:01,05:01
HG01112,CLM,02:01,26:01,38:01,44:02,05:01,12:03,01:01,14:01,05:01,05:03
HG01113,CLM,02:01,24:02,35:43,39:11,01:02,07:02,04:04,08:02,03:02,04:02
HG01124,CLM,02:11,24:02,40:04,40:04,03:04,03:05,14:02,04:07,03:02,03:01
HG01125,CLM,24:02,25:01,15:01,35:12,03:03,04:01,16:02,13:01,03:01,06:03
HG01133,CLM,01:01,03:01,08:01,35:01,04:01,07:01,01:01,03:01,02:01,05:01
HG01134,CLM,01:01,02:22,39:08,57:01,06:02,07:02,16:02,07:01,03:03,03:01
HG01136,CLM,11:01,32:01,35:01,53:01,04:01,04:01,11:02,13:02,03:01,06:04
HG01137,CLM,02:01,03:01,07:02,15:01,03:03,07:02,15:01,04:05,03:02,06:02
HG01139,CLM,23:01,68:02,41:02,50:01,05:01,17:01,13:03,09:01,02:01,03:01
HG01140,CLM,02:01,23:01,39:11,44:03,04:01,07:02,07:01,08:02,02:01,04:02
HG01148,CLM,29:02,32:01,07:02,35:08,04:01,07:02,15:01,04:04,03:02,05:02
HG01149,CLM,02:01,31:01,35:43,44:02,01:02,05:01,01:01,14:02,03:01,05:01
HG01167,PUR,02:11,29:02,45:01,48:02,04:01,16:01,15:01,04:11,03:02,06:02
HG01168,PUR,02:11,03:01,18:05,52:01,12:03,15:02,04:11,07:01,03:02,03:03
HG01170,PUR,02:01,11:01,15:01,35:01,03:03,04:01,13:01,14:04,05:03,06:03
HG01171,PUR,02:20,02:01,07:02,56:01,01:02,07:02,03:01,13:01,02:01,06:03
HG01173,PUR,03:01,32:01,07:02,07:02,07:02,07:02,15:01,11:01,03:01,06:02
HG01174,PUR,02:01,03:01,35:12,53:01,04:01,04:01,01:01,04:07,03:02,05:01
HG01176,PUR,23:01,29:01,07:05,44:03,04:01,15:05,04:05,10:01,03:02,05:01
HG01177,PUR,02:01,68:02,51:01,53:01,04:01,16:02,11:02,07:01,02:01,03:01
HG01182,PUR,02:01,31:01,35:08,44:03,04:01,16:01,04:03,07:01,02:01,03:02
HG01183,PUR,24:02,33:01,35:03,78:01,12:03,16:01,13:01,07:01,02:01,06:04
HG01187,PUR,02:01,11:01,44:02,57:01,05:01,06:02,11:01,07:01,03:03,03:01
HG01188,PUR,24:02,29:02,35:02,44:03,04:01,16:01,11:04,07:01,02:01,03:01
HG01190,PUR,02:01,24:02,15:20,18:01,01:02,07:01,04:04,08:01,03:02,04:02
HG01191,PUR,02:01,03:01,07:02,39:05,03:05,07:02,15:01,03:01,02:01,06:02
HG01197,PUR,02:01,30:10,07:02,56:01,06:02,07:02,03:02,12:01,03:01,04:02
HG01198,PUR,11:01,24:02,40:01,44:03,03:04,04:01,04:04,04:05,03:02,03:02
HG01204,PUR,02:01,29:02,15:01,44:03,03:03,16:01,07:01,07:01,02:01,02:01
HG01205,PUR,03:01,11:01,07:02,35:01,04:01,07:02,01:01,13:01,05:01,06:03
HG01241,PUR,03:01,74:01,07:02,15:03,02:10,07:02,15:01,13:02,06:02,06:09
HG01242,PUR,02:02,24:03,35:01,44:03,04:01,16:01,13:01,13:01,06:03,06:03
HG01247,PUR,01:01,02:01,52:01,57:01,06:02,12:02,03:01,07:01,02:01,03:03
HG01248,PUR,02:04,03:01,14:02,51:01,08:02,15:02,01:02,04:11,04:02,05:01
HG01250,CLM,24:02,68:01,35:12,35:43,01:02,04:01,16:02,04:04,03:02,03:01
HG01251,CLM,24:02,26:01,35:43,49:01,01:02,07:01,04:03,04:07,03:02,03:02
HG01253,CLM,30:02,68:02,14:02,27:05,01:02,08:02,01:02,13:01,05:01,06:03
HG01254,CLM,02:02,02:01,07:02,44:02,05:01,07:02,15:03,13:01,06:02,06:03
HG01256,CLM,02:01,02:14,07:02,15:01,03:03,07:02,01:03,13:01,05:01,06:03
HG01257,CLM,02:01,03:01,07:02,18:01,05:01,07:02,03:01,10:01,02:01,05:01
HG01259,CLM,02:01,03:01,40:01,51:01,03:04,15:02,08:01,09:01,03:03,04:02
HG01260,CLM,02:01,03:01,07:02,14:02,07:02,08:02,01:03,08:02,04:02,05:01
HG01271,CLM,01:01,02:01,35:43,41:01,01:02,17:01,13:02,08:02,04:02,06:09
HG01272,CLM,03:01,11:01,35:01,44:03,04:01,04:01,01:01,07:01,02:01,05:01
HG01274,CLM,02:01,29:01,39:11,40:02,05:01,07:02,16:01,04:10,04:02,05:02
HG01275,CLM,03:01,30:02,07:02,35:01,04:01,07:02,15:01,07:01,02:01,06:02
HG01277,CLM,02:01,29:02,51:01,57:01,01:02,07:01,01:01,01:01,05:01,05:01
HG01278,CLM,02:11,02:01,39:05,44:02,05:01,07:02,01:01,14:02,03:01,05:01
HG01334,GBR,02:01,24:02,44:02,44:02,05:01,07:04,13:02,04:01,03:01,06:04
HG01341,CLM,02:04,66:01,49:01,51:01,07:01,15:02,03:01,04:11,02:01,04:02
HG01342,CLM,02:02,02:01,15:01,53:01,03:03,04:01,11:01,10:01,03:01,05:01
HG01344,CLM,23:01,24:02,35:12,51:01,04:01,14:02,01:01,14:02,03:01,05:01
HG01345,CLM,01:01,03:01,35:08,38:01,04:01,12:03,15:01,13:02,05:02,05:03
HG01347,CLM,02:01,02:05,13:02,39:11,06:02,07:02,07:01,08:02,02:01,04:02
HG01348,CLM,29:02,30:01,13:02,44:03,06:02,16:01,01:01,07:01,02:01,05:01
HG01350,CLM,02:11,24:02,40:04,57:01,03:04,06:02,04:11,04:11,03:02,03:02
HG01351,CLM,03:01,68:02,35:01,49:01,04:01,07:01,01:01,10:01,05:01,05:01
HG01353,CLM,03:01,24:02,35:43,38:01,01:02,12:03,13:01,04:07,03:02,06:03
HG01354,CLM,02:01,31:01,35:43,49:01,01:02,07:01,13:02,04:07,03:02,06:04
HG01356,CLM,24:02,68:01,18:01,35:43,01:02,05:01,03:01,04:07,02:01,03:02
HG01357,CLM,02:01,30:02,27:05,49:01,02:02,07:01,13:02,04:03,03:02,06:04
HG01359,CLM,29:02,34:02,50:01,58:02,06:02,06:02,08:06,11:02,03:01,06:02
HG01360,CLM,02:01,30:01,42:01,44:03,16:01,17:01,07:01,08:04,02:01,03:01
HG01365,CLM,02:02,24:02,35:10,53:01,03:04,04:01,13:03,04:07,03:02,03:01
HG01366,CLM,29:02,30:02,44:03,57:03,07:01,16:01,15:03,07:01,02:01,06:02
HG01374,CLM,03:01,26:01,35:01,35:01,04:01,04:01,01:01,11:04,02:01,05:01
HG01375,CLM,33:03,33:03,14:02,15:16,08:02,16:01,13:01,13:03,02:01,06:03
HG01377,CLM,02:22,02:01,40:02,51:01,01:02,03:04,01:01,04:04,03:02,05:01
HG01378,CLM,02:01,24:02,18:01,35:10,03:04,05:01,03:01,04:05,02:01,04:02
HG01383,CLM,33:01,68:02,14:02,53:01,04:01,08:02,13:02,07:01,02:01,06:04
HG01384,CLM,02:05,03:01,07:02,35:01,04:01,16:01,01:01,04:07,03:01,05:01
HG01389,CLM,24:02,29:02,44:03,44:03,03:05,16:01,04:07,07:01,02:01,03:02
HG01390,CLM,02:01,30:02,14:02,39:01,08:02,12:03,15:03,16:01,05:02,06:02
HG01437,CLM,02:05,24:02,39:06,58:01,07:01,07:02,15:01,04:02,03:02,06:02
HG01438,CLM,03:01,03:01,07:02,07:02,07:02,07:02,15:01,04:04,03:02,06:02
HG01440,CLM,02:04,30:02,08:01,39:05,07:01,07:02,15:02,03:01,02:01,06:01
HG01441,CLM,23:01,24:02,14:02,39:05,07:02,08:02,01:02,13:01,05:01,06:03
HG01455,CLM,02:01,24:03,35:05,44:02,04:01,05:01,04:03,04:11,03:02,03:02
HG01456,CLM,31:01,32:01,35:08,40:02,03:05,04:01,15:01,14:02,03:01,05:02
HG01461,CLM,24:02,68:02,40:02,58:01,03:04,07:01,03:02,03:02,03:01,04:02
HG01462,CLM,03:01,74:01,35:08,81:01,04:01,08:04,13:03,12:01,03:01,05:01
HG01464,CLM,02:01,24:02,35:43,44:02,01:02,05:01,01:01,04:11,03:02,05:01
HG01465,CLM,02:01,03:01,51:01,51:01,01:02,15:02,13:01,09:01,03:03,03:03
HG01488,CLM,23:01,68:01,39:11,44:03,04:01,07:02,16:02,07:01,02:01,03:01
HG01489,CLM,01:01,03:01,15:17,35:01,04:01,07:01,01:01,13:02,05:01,06:04
HG01491,CLM,01:01,01:01,14:02,57:01,06:02,08:02,13:01,07:11,02:01,06:03
HG01492,CLM,24:02,30:01,39:06,42:02,07:02,17:01,15:01,13:03,03:01,06:02
HG01494,CLM,02:01,24:02,07:02,35:43,01:02,07:02,01:03,08:02,04:02,05:01
HG01495,CLM,24:02,68:01,18:01,40:02,03:05,05:01,03:02,04:03,03:02,04:02
HG01497,CLM,03:01,24:02,14:02,15:01,01:02,08:02,16:02,08:02,03:01,04:02
HG01498,CLM,03:01,24:02,35:01,40:02,03:05,04:01,01:01,04:07,03:02,05:01
HG01550,CLM,24:02,31:01,35:12,51:01,04:01,15:02,04:07,04:08,03:02,03:01
HG01551,CLM,29:02,33:03,07:05,15:16,14:02,15:05,01:02,11:01,03:01,05:01
NA06985,CEPH,03:01,02:01,07:02,57:01,07:02,06:02,15:01,15:01,06:02,06:02
NA06986,CEPH,03:01,32:01,44:03,44:03,04:01,16:01,07:01,07:01,02:01,02:01
NA06991,CEPH,02:01,03:01,07:02,07:02,07:02,07:02,04:04,15:01,03:02,06:02
NA06993,CEPH,02:01,01:01,07:02,50:01,07:02,06:02,04:04,07:01,03:02,02:01
NA06994,CEPH,02:01,32:01,40:02,08:01,02:02,07:01,01:01,04:04,05:01,03:02
NA06995,CEPH,01:01,30:01,08:01,15:10,07:01,03:04,11:03,13:02,03:01,06:04
NA06997,CEPH,03:01,29:02,44:03,44:03,04:01,16:01,07:01,07:01,02:01,02:01
NA07000,CEPH,02:01,68:01,44:02,40:01,03:03,07:04,03:01,11:01,02:01,03:01
NA07014,CEPH,68:01,01:01,07:02,52:01,07:02,12:02,15:01,15:02,06:02,06:01
NA07019,CEPH,01:01,02:01,08:01,07:02,07:01,07:02,03:01,04:04,02:01,03:02
NA07022,CEPH,02:01,01:01,07:02,08:01,07:02,07:01,04:04,07:01,03:02,02:01
NA07029,CEPH,02:01,68:01,08:01,44:02,07:01,07:04,04:04,11:01,03:02,03:01
NA07031,CEPH,02:01,01:01,18:01,52:01,07:01,12:02,11:01,15:02,03:01,06:01
NA07034,CEPH,02:01,24:03,44:02,18:01,05:01,07:01,04:01,07:01,03:01,02:01
NA07037,CEPH,30:01,31:01,15:10,40:01,03:04,03:04,04:04,13:02,03:02,06:04
NA07045,CEPH,29:02,02:01,44:03,07:02,16:01,07:02,07:01,15:01,02:01,06:02
NA07048,CEPH,02:01,02:01,44:02,07:02,05:01,07:02,04:01,15:01,03:01,06:02
NA07051,CEPH,02:01,68:01,15:01,07:02,03:03,07:02,04:01,15:01,03:01,06:02
NA07055,CEPH,02:01,68:01,07:02,07:02,07:02,07:02,15:01,14:01,06:02,05:03
NA07056,CEPH,01:01,02:01,08:01,57:01,07:01,06:02,03:01,07:01,02:01,03:03
NA07340,CEPH,02:01,03:01,13:02,07:02,06:02,07:02,07:01,15:01,02:01,06:02
NA07345,CEPH,01:01,02:01,44:02,57:01,05:01,06:02,07:01,15:01,03:03,06:02
NA07346,CEPH,03:01,03:03,35:01,35:03,04:01,04:01,01:01,04:03,05:01,03:02
NA07347,CEPH,30:02,26:01,18:01,44:02,05:01,05:01,03:01,11:04,02:01,03:01
NA07348,CEPH,02:01,24:02,44:02,39:06,05:01,07:02,15:01,04:04,06:02,03:02
NA07349,CEPH,03:01,26:01,35:03,44:02,04:01,05:01,04:03,11:04,03:02,03:01
NA07357,CEPH,01:01,24:02,08:01,39:06,07:01,07:02,03:01,04:04,02:01,03:02
NA07435,CEPH,01:01,24:02,08:01,07:02,07:01,07:02,11:03,15:01,03:01,06:02
NA10830,CEPH,01:01,02:01,08:01,07:02,07:01,07:02,03:01,12:01,02:01,03:01
NA10831,CEPH,01:01,01:01,08:01,51:01,07:01,15:02,03:01,04:07,02:01,03:01
NA10835,CEPH,23:01,02:01,41:01,40:01,17:01,03:04,07:01,13:02,02:01,06:04
NA10836,CEPH,23:01,11:01,14:01,07:02,08:02,07:02,12:01,15:01,03:01,06:02
NA10837,CEPH,32:01,02:01,35:01,44:02,04:01,07:04,13:05,14:01,03:01,05:03
NA10838,CEPH,02:01,02:01,07:02,08:01,07:02,07:01,15:01,15:01,06:02,06:02
NA10839,CEPH,25:01,29:02,18:01,27:03,12:03,01:02,15:01,15:01,06:02,06:02
NA10840,CEPH,11:01,24:02,51:01,13:02,15:02,06:02,04:04,07:01,03:02,02:01
NA10842,CEPH,03:01,02:01,35:01,44:02,04:01,05:01,01:01,04:01,05:01,03:01
NA10843,CEPH,11:01,02:01,15:01,55:01,04:01,03:03,01:01,04:01,05:01,03:01
NA10845,CEPH,02:01,24:02,13:02,44:02,05:01,06:02,03:01,15:01,02:01,06:02
NA10846,CEPH,02:01,02:01,44:02,52:01,07:04,12:02,04:07,11:01,03:01,03:01
NA10847,CEPH,25:01,03:01,08:01,18:01,07:02,12:03,01:01,01:01,05:01,05:01
NA10850,CEPH,03:01,02:01,51:01,40:01,01:02,03:04,01:01,04:04,05:01,03:02
NA10851,CEPH,24:02,01:01,40:01,08:01,03:04,07:01,04:04,07:01,03:02,03:03
NA10852,CEPH,11:01,01:01,35:01,57:01,04:01,06:02,14:01,03:01,05:03,02:01
NA10853,CEPH,02:01,01:01,15:01,57:01,03:04,06:02,04:01,07:01,03:01,03:03
NA10854,CEPH,02:01,02:01,44:02,27:03,05:01,02:02,04:01,04:04,03:01,03:02
NA10855,CEPH,01:01,32:01,08:01,40:02,07:01,02:02,03:01,13:01,02:01,06:03
NA10856,CEPH,02:01,02:01,44:02,14:02,05:01,08:02,04:01,13:03,03:01,03:01
NA10857,CEPH,02:06,02:01,35:01,07:02,04:01,07:02,01:01,13:01,05:01,06:03
NA10859,CEPH,03:01,01:01,07:02,15:01,07:02,06:02,15:01,04:01,06:02,03:02
NA10860,CEPH,02:01,29:02,35:01,44:03,04:01,16:01,01:01,01:01,05:01,05:01
NA10861,CEPH,01:01,01:01,07:02,57:01,07:02,06:02,04:04,13:01,03:02,06:03
NA10863,CEPH,32:01,32:01,15:01,40:02,03:03,15,04:04,14:04,03:02,05:03
NA10864,CEPH,02:01,24:02,44:02,55:01,05:01,03:03,04:01,15:01,03:01,06:02
NA10865,CEPH,02:01,02:01,13:02,41:02,06:02,02:02,07:01,13:02,02:01,06:04
NA11829,CEPH,02:01,02:01,15:01,44:02,05:01,03:04,04:01,04:01,03:01,03:02
NA11830,CEPH,02:01,02:01,14:01,14:02,08:02,08:02,07:01,13:03,02:01,03:01
NA11831,CEPH,01:01,03:01,08:01,07:02,07:01,07:02,03:01,15:01,02:01,06:02
NA11832,CEPH,32:01,02:01,40:02,27:03,02:02,07:04,13:01,15:01,06:03,06:02
NA11839,CEPH,02:01,25:01,44:02,07:02,05:01,07:02,04:01,15:01,03:01,06:02
NA11840,CEPH,02:01,02:01,27:03,57:01,02:02,06:02,04:04,07:01,03:02,03:03
NA11843,CEPH,02:01,11:01,15:01,51:01,03:04,15:02,04:01,04:04,03:01,03:02
NA11881,CEPH,03:01,26:01,07:02,07:02,07:02,07:02,15:01,15:01,06:02,06:02
NA11882,CEPH,01:01,29:02,15:01,44:03,06:02,16:01,04:01,15:01,03:02,06:02
NA11891,CEPH,31:01,02:01,40:01,41:02,03:04,02:02,04:01,13:02,03:02,06:04
NA11892,CEPH,02:01,23:01,13:02,49:01,06:02,07:01,07:01,08:01,02:01,04:02
NA11893,CEPH,02:01,02:01,15:01,44:02,05:01,03:04,04:01,04:01,03:01,03:02
NA11894,CEPH,01:01,24:02,08:01,55:01,07:01,03:03,03:01,15:01,02:01,06:02
NA11917,CEPH,03:01,31:01,35:01,44:02,04:01,05:01,01:01,16:01,05:01,05:02
NA11918,CEPH,02:01,01:01,07:02,44:02,07:01,05:01,04:01,15:01,03:01,06:02
NA11919,CEPH,11:01,02:01,15:01,57:01,04:01,06:02,01:01,07:01,05:01,03:03
NA11920,CEPH,02:01,02:01,44:02,55:01,03:03,05:01,04:01,14:01,03:01,05:03
NA11930,CEPH,02:01,24:02,13:02,13:02,06:02,06:02,07:01,15:01,02:01,06:02
NA11931,CEPH,02:01,03:01,44:02,07:02,05:01,07:02,03:01,15:01,02:01,06:02
NA11992,CEPH,02:01,01:01,35:01,08:01,04:01,07:01,01:01,03:01,05:01,02:01
NA11993,CEPH,29:02,26:01,44:03,44:02,16:01,05:01,01:01,15:01,05:01,06:02
NA11994,CEPH,01:01,11:01,07:02,51:01,07:02,15:02,04:04,04:02,03:02,03:02
NA11995,CEPH,01:01,01:01,57:01,08:01,06:02,07:01,13:01,15:01,06:03,06:02
NA12003,CEPH,02:01,02:01,08:01,13:02,07:01,06:02,15:01,04:01,03:02,06:02
NA12004,CEPH,24:02,02:01,07:02,07:02,07:02,07:02,01:01,15:01,05:01,06:02
NA12005,CEPH,29:02,02:01,07:02,27:03,07:02,01:02,15:01,15:01,06:02,06:02
NA12006,CEPH,25:01,11:01,18:01,15:01,12:03,03:03,15:01,04:04,03:02,06:02
NA12043,CEPH,02:06,26:01,35:01,38:01,04:01,12:03,01:01,04:04,05:01,03:02
NA12044,CEPH,02:01,01:01,07:02,07:02,07:02,07:02,13:01,15:01,06:03,06:02
NA12045,CEPH,11:01,02:01,35:01,44:02,04:01,05:01,14:01,13:01,05:03,06:03
NA12046,CEPH,01:01,02:05,57:01,50:01,06:02,06:02,03:01,07:01,02:01,02:01
NA12056,CEPH,24:02,01:01,40:01,15:01,03:04,03:03,04:04,15:01,03:02,06:02
NA12057,CEPH,01:01,02:01,08:01,15:01,07:01,04:01,07:01,13:01,03:03,06:03
NA12058,CEPH,02:01,03:01,40:01,40:01,03:04,03:04,04:04,08:01,03:02,04:02
NA12096,CEPH,03:01,01:01,35:01,08:01,04:01,07:01,08:01,03:01,04:02,02:01
NA12097,CEPH,03:01,02:01,56:01,07:02,01:02,07:02,08:01,15:01,04:02,06:02
NA12144,CEPH,03:01,02:01,35:01,44:02,04:01,07:04,01:01,04:07,05:01,03:01
NA12145,CEPH,02:01,01:01,52:01,35:02,12:02,04:01,11:01,15:01,03:01,06:02
NA12146,CEPH,03:01,02:01,08:01,44:02,07:02,05:01,01:01,15:01,05:01,06:02
NA12154,CEPH,01:01,31:01,08:01,40:01,07:01,03:04,03:01,04:04,02:01,03:02
NA12155,CEPH,01:01,02:01,08:01,44:02,07:01,05:01,03:01,04:01,02:01,03:01
NA12156,CEPH,01:01,11:01,51:01,50:01,15:02,06:02,04:07,07:01,03:01,02:01
NA12234,CEPH,11:01,32:01,44:03,40:02,16:01,15,07:01,14:04,02:01,05:03
NA12236,CEPH,02:01,02:01,07:02,44:02,07:02,05:01,12:01,04:03,03:01,03:02
NA12239,CEPH,25:01,68:01,18:01,15:01,03:03,12:03,01:01,04:01,05:01,03:01
NA12248,CEPH,23:01,23:01,41:01,51:01,17:01,15:02,07:01,15:01,02:01,06:02
NA12249,CEPH,02:01,25:01,40:01,44,03:04,05:01,13:02,04:01,06:04,03:02
NA12264,CEPH,32:01,31:01,15:01,40:01,03:03,03:03,04:04,04:04,03:02,03:02
NA12272,CEPH,68:01,02:01,44:02,44:02,07:04,07:04,10:01,14:01,05:01,05:03
NA12273,CEPH,32:01,02:01,35:01,44:02,07:04,04:01,11:01,13:05,03:01,03:01
NA12274,CEPH,01:01,11:01,08:01,07:02,07:01,07:02,03:01,15:01,02:01,06:02
NA12275,CEPH,23:01,03:01,14:01,07:02,08:02,07:02,12:01,15:01,03:01,06:02
NA12282,CEPH,01:01,02:01,08:01,37:01,03:04,06:02,03:01,10:01,02:01,05:01
NA12283,CEPH,03:01,02:01,15:01,57:01,03:03,06:02,01:01,07:01,05:01,03:03
NA12286,CEPH,24:02,02:01,57:01,13:02,06:02,06:02,07:01,07:01,02:01,03:03
NA12287,CEPH,02:01,11:01,15:01,15:01,03:04,15:02,04:01,04:04,03:02,03:02
NA17962,CHD,29:01,68:01,07:05,44:03,04:01,15:05,11:04,07:01,02:01,03:01
NA17965,CHD,02:03,24:02,40:01,55:02,07:02,12:03,16:02,04:05,03:02,05:02
NA17966,CHD,11:01,24:02,46:01,58:01,01:02,03:02,09:01,09:01,03:03,03:03
NA17967,CHD,02:03,24:02,15:12,51:01,04:03,14:02,15:01,09:01,03:03,05:02
NA17968,CHD,02:03,24:02,13:01,38:02,03:04,07:02,15:02,09:01,03:03,05:01
NA17969,CHD,01:01,11:01,15:02,37:01,06:02,08:01,09:01,10:01,03:03,05:01
NA17970,CHD,02:07,33:03,44:03,46:01,01:02,07:01,07:01,09:01,02:01,03:03
NA17971,CHD,11:01,30:01,13:02,15:01,01:02,06:02,14:05,12:01,05:03,06:02
NA17972,CHD,02:06,26:01,40:06,40:06,03:04,08:01,09:01,09:01,03:03,03:03
NA17973,CHD,11:02,31:01,15:27,40:01,04:01,07:02,04:68,12:01,03:02,03:01
NA17974,CHD,30:01,31:01,13:02,48:01,06:02,08:01,15:01,14:01,05:03,06:02
NA17975,CHD,02:06,31:01,15:01,39:01,01:02,07:02,08:03,09:01,03:03,05:03
NA17976,CHD,24:02,30:18,13:02,51:02,06:02,15:02,07:01,12:02,02:01,03:01
NA17977,CHD,11:01,11:01,15:02,55:02,07:02,08:01,12:02,12:02,03:01,03:01
NA17979,CHD,02:03,11:01,40:01,55:02,03:04,12:03,11:01,12:02,03:01,03:01
NA17980,CHD,02:01,11:01,13:01,15:11,03:04,03:03,08:03,12:02,03:01,06:01
NA17981,CHD,11:01,11:01,13:01,40:01,03:04,07:02,12:02,12:01,03:01,03:01
NA17982,CHD,11:01,24:02,15:02,35:05,04:01,08:01,15:01,12:02,03:01,05:02
NA17983,CHD,31:01,33:03,15:01,58:01,03:02,03:03,03:01,12:02,02:01,03:01
NA17986,CHD,02:03,33:03,40:01,58:01,03:02,07:02,03:01,12:02,02:01,03:01
NA17987,CHD,24:02,24:02,40:06,46:01,01:02,08:01,04:05,12:01,03:01,04:01
NA17988,CHD,02:06,24:02,15:02,40:01,03:04,08:01,16:02,03:01,02:01,05:02
NA17989,CHD,11:01,24:02,38:02,55:02,07:02,12:03,13:12,12:01,03:01,03:01
NA17990,CHD,11:02,31:01,40:01,40:02,07:02,07:02,11:01,14:01,03:01,05:02
NA17992,CHD,11:01,74:01,39:05,51:01,07:02,14:02,14:04,14:01,05:03,05:03
NA17993,CHD,01:01,24:03,15:12,37:01,03:03,06:02,12:02,10:01,03:01,05:01
NA17995,CHD,01:01,24:02,15:01,57:03,03:04,06:02,07:01,09:01,02:01,03:03
NA17996,CHD,02:07,11:01,51:01,54:01,01:02,14:02,14:05,12:02,05:02,05:03
NA17997,CHD,02:03,02:07,15:02,38:02,07:02,08:01,08:03,09:01,03:03,06:01
NA17998,CHD,02:03,02:06,38:02,40:06,07:02,08:01,09:01,09:01,03:03,03:03
NA17999,CHD,11:02,11:01,15:02,40:01,03:04,08:01,15:01,12:01,03:01,06:01
NA18101,CHD,02:01,03:01,07:02,46:01,01:02,07:02,15:01,09:01,03:03,06:02
NA18102,CHD,30:01,31:01,13:02,40:01,06:02,07:02,07:01,09:01,02:01,03:03
NA18103,CHD,02:07,24:02,46:01,51:02,01:02,15:02,14:01,09:01,03:03,05:02
NA18105,CHD,02:07,11:01,13:01,46:01,01:02,03:04,13:12,14:05,03:01,05:03
NA18106,CHD,11:01,24:02,15:01,38:02,04:01,07:02,04:06,08:03,03:02,06:01
NA18107,CHD,11:02,11:01,40:01,40:01,03:04,03:04,08:03,09:01,03:03,06:01
NA18108,CHD,02:01,24:02,15:18,54:01,01:02,07:04,04:01,12:02,03:01,03:01
NA18109,CHD,02:01,11:01,15:07,54:01,01:02,03:03,15:01,11:01,03:01,06:02
NA18112,CHD,11:01,24:02,13:01,58:01,03:04,03:04,16:02,03:01,02:01,05:02
NA18114,CHD,11:02,11:01,40:06,51:01,08:01,12:02,07:01,09:01,02:01,03:03
NA18117,CHD,02:01,11:02,13:01,46:01,01:02,03:04,12:02,09:01,03:03,03:01
NA18118,CHD,11:01,24:02,13:01,15:02,03:04,08:01,15:01,16:02,05:02,06:01
NA18120,CHD,02:06,24:02,40:01,40:01,03:04,07:02,16:02,09:01,03:03,05:02
NA18122,CHD,11:01,11:01,15:02,15:02,08:01,08:01,15:01,12:02,03:01,06:01
NA18124,CHD,02:07,02:07,46:01,46:01,01:02,01:02,09:01,09:01,03:03,03:03
NA18125,CHD,02:01,24:02,46:01,54:01,01:02,01:02,04:05,09:01,03:03,04:01
NA18127,CHD,02:06,11:02,15:02,27:04,08:01,12:02,12:02,12:02,03:01,03:01
NA18128,CHD,11:01,24:02,40:01,58:01,03:04,07:02,13:02,08:03,06:01,06:09
NA18129,CHD,02:03,11:01,39:01,46:01,01:02,07:02,08:03,09:01,03:03,06:01
NA18131,CHD,11:01,26:01,15:11,40:01,03:04,07:02,16:02,11:01,03:01,05:02
NA18132,CHD,02:07,11:01,40:01,46:01,01:08,15:02,15:01,09:01,03:03,06:02
NA18133,CHD,24:02,24:02,13:01,46:01,01:02,03:04,09:01,09:01,03:03,03:03
NA18134,CHD,02:07,24:02,51:01,51:01,14:02,14:02,09:01,09:01,03:03,03:03
NA18135,CHD,02:07,11:01,13:01,46:01,01:02,03:04,15:01,09:01,03:03,06:01
NA18136,CHD,02:01,02:01,13:01,55:02,03:04,15:02,12:02,09:01,03:03,03:01
NA18138,CHD,02:07,11:01,40:01,46:01,01:02,07:02,07:01,09:01,02:01,03:03
NA18139,CHD,02:07,11:01,27:05,51:02,01:02,02:02,01:01,11:01,03:01,05:01
NA18140,CHD,02:07,11:01,55:12,58:01,01:40,03:02,03:01,04:05,02:01,04:01
NA18141,CHD,02:07,24:02,13:01,51:01,08:01,14:02,15:01,09:01,03:03,06:10
NA18143,CHD,11:01,26:01,35:01,40:01,04:01,07:02,09:01,09:01,03:03,03:03
NA18144,CHD,11:01,11:01,39:01,40:01,07:02,07:02,04:05,08:03,04:01,06:01
NA18146,CHD,24:02,24:02,35:01,54:01,01:02,03:03,15:01,04:05,04:01,06:02
NA18147,CHD,02:06,02:05,50:01,58:01,03:02,06:02,07:01,09:01,02:01,03:03
NA18148,CHD,02:07,02:06,15:11,46:01,01:02,03:03,08:03,08:03,06:01,06:01
NA18149,CHD,11:01,24:02,55:02,56:01,01:02,12:03,09:01,09:01,03:03,03:03
NA18150,CHD,02:01,33:03,15:11,58:01,03:02,03:03,03:01,12:02,02:01,03:01
NA18151,CHD,11:01,24:02,40:01,40:01,07:02,07:02,04:05,09:01,03:02,03:03
NA18152,CHD,11:01,31:01,15:02,40:01,07:02,08:01,04:04,08:03,03:02,06:01
NA18153,CHD,02:06,11:02,15:01,40:01,03:03,07:02,15:01,09:01,03:03,06:02
NA18154,CHD,11:03,30:01,13:02,52:01,06:02,07:02,15:02,09:01,03:03,05:01
NA18155,CHD,02:01,11:01,40:06,40:01,04:03,07:02,12:02,09:01,03:03,03:01
NA18156,CHD,01:01,24:02,15:01,57:01,04:01,06:02,04:01,07:01,03:03,03:01
NA18157,CHD,02:06,11:01,13:01,40:01,07:02,12:02,15:01,12:01,03:01,06:01
NA18158,CHD,01:01,24:02,15:27,57:01,04:01,06:02,04:06,07:01,03:02,03:03
NA18159,CHD,02:03,02:07,46:01,55:02,01:02,04:03,16:02,08:03,05:02,06:01
NA18160,CHD,11:01,31:01,40:01,40:02,07:02,15:02,14:01,14:01,05:02,05:03
NA18161,CHD,02:07,11:01,46:01,54:01,01:03,01:02,15:01,04:05,04:01,06:02
NA18162,CHD,11:01,24:02,40:01,46:01,01:02,03:04,14:05,09:01,03:03,05:03
NA18163,CHD,02:01,24:02,13:01,54:01,01:02,03:04,04:05,12:02,03:01,04:01
NA18166,CHD,02:01,11:01,38:02,56:01,07:02,07:02,16:02,09:01,03:03,05:02
NA18500,YRI,33:01,74:01,58:01,78:01,07:01,16:01,01:02,07:01,05:01,02:01
NA18501,YRI,33:01,66:02,14:01,78:01,08:02,16:01,01:02,13:01,05:01,06:03
NA18502,YRI,24:24,74:01,14:03,58:01,07:01,08:02,13:01,07:01,05:01,02:01
NA18503,YRI,26:01,36:01,15:03,53:01,02:02,07:01,03:01,03:01,02:01,02:01
NA18504,YRI,36:01,36:01,15:03,39:10,02:02,12:03,01:02,03:01,05:01,02:01
NA18505,YRI,26:01,74:01,15:03,53:01,02:02,07:01,15:03,03:01,06:02,02:01
NA18506,YRI,23:01,33:03,15:03,42:01,02:02,17:01,13:02,03:02,06:05,04:02
NA18507,YRI,23:01,30:01,15:03,42:01,02:02,17:01,13:02,13:02,06:05,03:01
NA18508,YRI,33:03,68:02,42:01,53:01,04:01,17:01,13:03,03:02,02:01,04:02
NA18515,YRI,03:01,03:01,15:10,49:01,04:01,07:01,13:03,03:02,02:01,04:02
NA18516,YRI,03:01,29:02,15:10,53:01,04:01,04:01,08:04,03:02,03:01,04:02
NA18517,YRI,03:01,74:01,49:01,51:01,07:01,16:01,12:01,13:03,02:01,03:01
NA18521,YRI,01:01,36:01,07:02,15:03,02:02,15:05,13:01,03:02,06:04,04:02
NA18522,YRI,03:01,36:01,15:03,49:01,02:02,07:01,13:01,13:03,06:04,03:01
NA18523,YRI,01:01,03:01,07:02,35:01,04:01,15:05,12:01,03:02,05:01,04:02
NA18524,CHB+JPT,02:01,02:01,56:01,58:01,03:02,08:01,08:01,12:01,06:01,03:01
NA18526,CHB+JPT,24:02,33:03,40:01,58:01,03:02,07:02,03:01,12:02,02:01,03:01
NA18529,CHB+JPT,11:01,33:03,46:01,15:01,01:02,03:03,08:03,09:01,06:01,03:03
NA18530,CHB+JPT,02:01,24:02,44:03,48:01,04:01,08:01,15:01,07:01,02:01,06:02
NA18532,CHB+JPT,30:01,68:01,13:02,15:18,06:02,07:04,07:01,04:01,02:01,03:01
NA18534,CHB+JPT,02:01,11:01,15:01,58:01,03:02,04:01,03:01,04:06,02:01,03:02
NA18536,CHB+JPT,11:01,24:02,48:01,51:02,07:02,15:02,15:01,08:03,06:01,06:02
NA18537,CHB+JPT,02:01,11:01,38:02,46:01,01:02,07:02,16:02,09:01,05:02,03:03
NA18540,CHB+JPT,02:01,11:01,40:01,46:01,01:02,07:02,13:02,08:03,06:04,06:01
NA18542,CHB+JPT,11:01,33:03,46:01,58:01,01:02,03:02,09:01,03:01,03:03,02:01
NA18543,CHB+JPT,11:01,11:01,13:01,46:01,01:02,03:04,15:01,09:01,03:03,06:01
NA18544,CHB+JPT,01:01,11:01,07:02,52:01,07:02,12:02,01:01,15:02,05:01,06:01
NA18545,CHB+JPT,11:01,24:02,40:01,40:01,04:01,07:02,04:03,04:05,03:02,04:01
NA18546,CHB+JPT,11:01,11:01,40:01,58:01,03:02,03:04,03:01,04:05,02:01,04:01
NA18547,CHB+JPT,02:03,68:01,15:02,38:01,08:01,12:03,13:01,04:01,06:03,03:02
NA18548,CHB+JPT,30:01,31:01,40:02,51:01,03:04,14XX,01:01,09:01,03:03,05:01
NA18549,CHB+JPT,02:03,33:03,55:02,58:01,03:02,12:03,01:01,16:02,05:01,05:02
NA18550,CHB+JPT,02:01,02:01,13:01,46:01,03:04,01:02,15:01,09:01,06:01,03:03
NA18552,CHB+JPT,02:01,11:01,40:02,46:01,01:02,15:02,12:02,09:01,05:02,03:03
NA18555,CHB+JPT,02:06,11:01,07:05,54:01,01:02,07:02,04:05,11:01,04:01,03:01
NA18557,CHB+JPT,02:01,03:01,35:03,44:02,05:01,12:03,13:01,07:01,03:03,06:03
NA18558,CHB+JPT,02:01,24:02,48:01,67:01,08:01,07:02,15:01,09:01,06:02,03:03
NA18559,CHB+JPT,01:01,11:01,15:02,37:01,06:02,08:01,13:12,10:01,03:01,05:01
NA18561,CHB+JPT,24:02,26:01,39:01,59:01,01:02,07:02,08:03,04:05,06:01,04:01
NA18562,CHB+JPT,11:01,33:03,51:01,52:01,12:02,14:02,09:01,12:02,03:03,03:01
NA18563,CHB+JPT,02:01,33:03,48:01,51:01,08:01,15:02,04:03,14:07,03:02,05:02
NA18564,CHB+JPT,02:01,30:01,13:01,13:02,03:04,06:02,07:01,12:02,02:01,03:01
NA18566,CHB+JPT,02:01,33:03,35:01,08:01,03:03,07:02,03:01,13:02,02:01,06:04
NA18570,CHB+JPT,02:01,02:06,15:01,15:11,03:03,03:03,04:04,11:01,03:02,03:01
NA18571,CHB+JPT,03:02,24:02,40:01,51:01,07:02,15:02,04:05,08:01,03:02,04:02
NA18572,CHB+JPT,24:02,31:01,15:01,54:01,01:02,03:03,14:01,14:01,05:02,05:03
NA18573,CHB+JPT,02:01,02:01,46:01,54:01,01:02,07:02,09:01,04:05,03:03,04:01
NA18576,CHB+JPT,02:01,03:02,08:01,35:01,03:03,07:02,08:02,03:01,04:02,02:01
NA18577,CHB+JPT,02:01,02:01,15:01,40:01,01:02,15:02,14:05,08:03,05:03,06:01
NA18579,CHB+JPT,11:01,11:01,52:01,81:01,08:01,12:02,15:02,12:01,03:01,06:01
NA18582,CHB+JPT,11:01,24:02,40:01,52:01,07:02,12:02,08:03,09:01,06:01,03:03
NA18592,CHB+JPT,24:02,31:01,15:18,40:06,08:01,08:01,08:03,15:01,06:01,06:02
NA18593,CHB+JPT,01:01,24:02,37:01,40:01,04:01,06:02,10:01,04:03,05:01,03:02
NA18594,CHB+JPT,02:01,02:01,13:01,15:01,03:04,08:01,12:01,12:02,03:01,03:01
NA18595,CHB+JPT,02:01,11:01,40:01,44:02,05:01,15:02,15:01,15:01,06:02,06:02
NA18596,CHB+JPT,03:01,24:02,35:01,46:01,01:02,04:01,01:01,09:01,03:03,05:01
NA18597,CHB+JPT,11:01,24:02,35:01,51:01,04:01,14:02,07:01,09:01,02:01,03:03
NA18599,CHB+JPT,24:02,26:01,13:02,54:01,01:02,06:02,04:05,07:01,02:01,04:01
NA18602,CHB+JPT,24:02,31:01,15:07,54:01,01:02,03:03,04:04,04:05,03:02,04:01
NA18603,CHB+JPT,02:06,30:01,13:02,40:06,06:02,08:01,07:01,09:01,02:01,03:03
NA18605,CHB+JPT,02:03,02:06,15:01,38:02,03:03,07:02,15:01,08:03,06:02,06:01
NA18606,CHB+JPT,02:06,11:01,13:01,46:01,03:04,03:03,09:01,09:01,03:03,03:03
NA18608,CHB+JPT,24:02,31:01,48:01,51:01,08:01,15:02,14:01,14:44,05:03,05:03
NA18609,CHB+JPT,02:03,03:01,35:03,38:02,07:02,12:03,14:01,08:03,05:02,06:01
NA18610,CHB+JPT,11:01,24:02,35:01,52:01,03:03,12:02,15:01,10:01,05:01,06:02
NA18611,CHB+JPT,11:01,11:01,46:01,51:01,07:02,14:02,16:02,11:01,05:02,03:01
NA18612,CHB+JPT,01:01,02:06,40:06,57:01,06:02,08:01,15:01,13:02,06:02,06:04
NA18613,CHB+JPT,11:01,24:02,13:01,51:01,03:04,14:02,03:01,08:03,02:01,06:01
NA18614,CHB+JPT,31:01,33:03,46:01,58:01,01:02,03:02,03:01,09:01,02:01,03:03
NA18615,CHB+JPT,02:07,30:01,13:02,46:01,01:02,06:02,07:01,08:03,02:01,06:01
NA18616,CHB+JPT,02:01,24:02,15:18,40:01,07:02,08:01,11:01,11:01,03:01,03:01
NA18617,CHB+JPT,02:01,33:03,40:01,58:01,03:02,15:02,03:01,04:05,02:01,04:01
NA18618,CHB+JPT,02:01,24:02,15:27,40:01,03:04,04:01,11:01,12:01,03:01,03:01
NA18619,CHB+JPT,02:03,33:03,40:01,58:01,03:02,03:04,15:02,15:02,05:01,06:01
NA18620,CHB+JPT,02:01,32:01,40:01,48:01,04:01,07:02,12:01,12:02,03:01,03:01
NA18621,CHB+JPT,11:01,24:02,15:01,15:18,01:02,08:01,12:01,09:01,03:01,03:03
NA18622,CHB+JPT,03:01,24:02,35:03,51:01,12:03,14:02,07:01,09:01,03:03,03:03
NA18623,CHB+JPT,24:02,30:01,13:02,40:01,03:04,06:02,07:01,04:10,02:01,04:02
NA18624,CHB+JPT,30:01,32:01,13:02,52:01,06:02,12:02,15:02,07:01,06:01,02:01
NA18625,CHB+JPT,02:07,11:01,37:01,46:01,01:02,06:02,12:01,10:01,03:01,05:01
NA18626,CHB+JPT,02:05,03:01,27:07,50:01,06:02,15:02,11:04,07:01,02:01,03:01
NA18627,CHB+JPT,11:01,24:02,15:01,51:01,04:01,14:02,11:01,12:02,03:01,03:01
NA18628,CHB+JPT,02:07,33:03,46:01,58:01,01:02,03:02,03:01,09:01,02:01,03:03
NA18630,CHB+JPT,11:01,33:03,15:02,40:01,03:04,08:01,12:01,11:01,03:01,03:01
NA18631,CHB+JPT,11:01,68:01,35:01,40:01,07:02,07:02,08:03,09:01,03:03,06:01
NA18632,CHB+JPT,11:01,33:03,46:01,58:01,01:02,03:02,09:01,03:01,03:03,02:01
NA18633,CHB+JPT,11:01,11:01,54:01,54:01,01:02,01:02,08:03,04:05,06:01,04:01
NA18634,CHB+JPT,11:01,24:02,40:02,46:01,01:02,03:03,11:01,09:01,03:03,03:01
NA18635,CHB+JPT,11:01,11:01,40:06,51:01,08:01,14:02,09:01,09:01,03:03,03:03
NA18636,CHB+JPT,11:01,24:02,40:01,46:01,01:02,07:02,15:01,09:01,05:02,03:03
NA18637,CHB+JPT,02:01,11:01,15:01,67:01,04:01,07:02,04:05,12:02,04:01,03:01
NA18638,CHB+JPT,24:02,33:03,40:01,58:01,03:02,07:02,03:01,14:01,02:01,05:02
NA18639,CHB+JPT,11:01,24:02,15:02,54:01,01:02,08:01,14:05,12:02,03:01,05:03
NA18640,CHB+JPT,02:06,02:01,46:01,46:01,01:02,01:02,08:03,09:01,03:03,06:01
NA18641,CHB+JPT,11:02,24:02,40:01,51:01,03:04,14:02,08:03,09:01,03:03,06:01
NA18642,CHB+JPT,26:01,68:01,07:02,38:01,07:02,12:03,01:01,15:01,05:01,06:02
NA18643,CHB+JPT,02:07,24:02,40:06,46:01,01:03,08:01,04:03,12:01,03:02,03:01
NA18645,CHB+JPT,11:01,33:03,40:02,58:01,03:02,07:02,13:02,08:03,06:01,06:09
NA18647,CHB+JPT,03:01,26:01,13:02,44:02,05:01,06:02,13:01,07:01,02:01,06:03
NA18670,CHD,02:01,11:01,51:01,54:01,01:02,01:02,14:05,12:01,03:01,05:03
NA18674,CHD,11:01,11:01,15:02,40:01,07:02,08:01,15:01,11:01,03:01,06:01
NA18682,CHD,02:01,31:01,15:25,51:01,04:03,14:02,15:01,04:03,03:02,06:02
NA18685,CHD,11:01,11:01,38:02,54:01,01:02,07:02,13:12,08:03,03:01,06:01
NA18689,CHD,11:01,29:01,15:01,52:01,04:01,12:02,15:02,04:06,03:02,06:01
NA18694,CHD,02:03,11:01,51:01,54:01,01:02,15:04,07:01,09:01,02:01,03:03
NA18696,CHD,11:01,30:01,13:01,13:02,06:02,07:02,16:02,12:02,03:01,05:02
NA18702,CHD,02:01,31:01,48:01,51:01,03:56,14:02,12:01,14:04,03:01,05:03
NA18704,CHD,11:01,30:01,13:02,15:18,06:02,08:01,07:01,09:01,02:01,03:03
NA18740,CHB+JPT,11:01,11:01,13:01,40:01,03:04,07:02,16:02,12:01,03:01,05:02
NA18745,CHB+JPT,11:01,24:02,38:02,48:01,07:02,08:03,14:02,12:02,03:01,03:01
NA18747,CHB+JPT,01:01,02:01,15:27,35:03,04:01,04:01,15:01,14:05,05:03,06:02
NA18748,CHB+JPT,03:01,11:02,07:02,58:01,03:02,07:02,15:01,13:02,06:02,06:09
NA18749,CHB+JPT,02:06,30:01,13:02,44:03,06:02,07:01,07:01,07:01,02:01,02:01
NA18757,CHB+JPT,11:01,24:02,07:02,55:02,01:02,07:02,15:01,04:05,04:01,06:02
NA18852,YRI,03:01,33:03,51:01,53:01,04:01,16:01,04:05,04:05,02:01,03:02
NA18853,YRI,34:02,36:01,44:03,52:01,16:01,16:01,13:01,07:01,05:01,02:01
NA18854,YRI,33:03,36:01,44:03,53:01,04:01,16:01,07:01,09:01,02:01,02:01
NA18855,YRI,23:01,33:03,15:03,52:01,02:02,16:01,03:01,11:02,02:01,03:01
NA18856,YRI,33:03,74:01,35:01,49:01,04:01,07:01,10:01,15:03,05:01,06:03
NA18857,YRI,33:03,74:01,15:03,49:01,02:02,07:01,11:02,11:02,05:01,03:01
NA18858,YRI,29:02,30:01,18:01,49:01,02:02,07:01,03:01,08:04,02:01,03:01
NA18859,YRI,03:01,34:02,49:01,53:01,04:01,07:01,01:02,08:04,05:01,03:01
NA18860,YRI,30:01,34:02,18:01,53:01,02:02,04:01,01:02,08:04,05:01,03:01
NA18861,YRI,03:01,68:02,13:02,57:03,03:02,07:01,14:01,08:04,06:03,04:02
NA18862,YRI,23:01,33:03,07:02,51:01,07:02,16:01,07:01,09:01,02:01,02:01
NA18863,YRI,03:01,23:01,07:02,13:02,03:02,07:02,09:01,08:04,02:01,04
NA18870,YRI,30:02,30:02,15:03,57:03,02:02,08:02,13:03,07:01,02:01,02:01
NA18871,YRI,30:01,36:01,42:01,52:01,16:01,17:01,15:03,08:04,02:01,03:01
NA18872,YRI,30:01,30:02,42:01,57:03,08:02,17:01,13:03,15:03,02:01,02:01
NA18912,YRI,34:02,74:01,53:01,53:01,04:01,04:01,11:01,13:03,06:02,02:01
NA18913,YRI,33:01,36:01,14:02,53:01,04:01,08:02,11:01,11:01,06:02,03:01
NA18914,YRI,33:01,74:01,14:02,53:01,04:01,08:02,11:01,11:01,06:02,03:01
NA18939,CHB+JPT,11:01,31:01,27:04,67:01,07:02,12:02,15:01,15:01,06:02,06:02
NA18940,CHB+JPT,24:02,24:02,46:01,52:01,01:03,12:02,15:02,08:02,06:01,04
NA18941,CHB+JPT,24:20,24:02,15:07,40:01,03:04,03:03,14:01,04:05,04:01,05:03
NA18942,CHB+JPT,24:02,33:03,35:01,44:03,03:03,14:03,04:05,12:01,04:01,03:01
NA18943,CHB+JPT,02:01,02:06,35:01,46:01,01:02,03:03,08:01,08:02,06:01,04
NA18944,CHB+JPT,02:06,24:02,40:02,51:01,03:04,14:02,08:02,12:01,03:02,03:02
NA18945,CHB+JPT,31:01,33:03,15:01,44:03,07:02,14:03,13:02,09:01,06:04,03:03
NA18946,CHB+JPT,02:01,24:02,07:02,52:01,07:02,12:02,01:01,04:05,04:01,05:01
NA18947,CHB+JPT,02:06,24:02,52:01,52:01,12:02,12:02,15:02,15:02,06:01,06:01
NA18948,CHB+JPT,26:01,30:01,07:02,13:02,06:02,07:02,01:01,07:01,05:01,02:01
NA18949,CHB+JPT,24:02,26:03,07:02,40:02,03:04,07:02,01:01,09:01,03:03,05:01
NA18951,CHB+JPT,24:02,24:02,40:01,59:01,01:02,03:04,04:05,11:01,04:01,03:01
NA18952,CHB+JPT,24:02,31:01,07:02,51:01,07:02,14:02,14:01,09:01,05:03,03:03
NA18953,CHB+JPT,11:01,31:01,40:01,40:02,03:04,03:04,04:05,04:05,03:02,04:01
NA18954,CHB+JPT,11:01,24:02,13:01,52:01,03:04,12:02,15:01,15:02,06:01,06:01
NA18955,CHB+JPT,24:02,33:03,44:03,48:01,08:01,14:03,15:02,14:01,05:03,06:01
NA18956,CHB+JPT,02:01,02:01,15:01,40:02,03:03,03:04,15:02,09:01,06:01,03:03
NA18957,CHB+JPT,24:02,24:02,52:01,52:01,12:02,12:02,15:02,04:10,04:02,06:01
NA18959,CHB+JPT,11:01,24:02,52:01,67:01,07:02,12:02,15:01,15:02,06:02,06:01
NA18960,CHB+JPT,24:02,24:02,40:06,54:01,01:02,08:01,09:01,04:05,03:03,04:01
NA18961,CHB+JPT,11:01,24:02,51:01,54:01,01:02,01:02,09:01,04:05,03:03,04:01
NA18962,CHB+JPT,24:02,24:02,07:02,52:01,07:02,12:02,01:01,15:02,05:01,06:01
NA18963,CHB+JPT,26:01,33:03,40:06,44:03,03:04,14:03,13:02,09:01,03:03,06:04
NA18964,CHB+JPT,26:01,26:03,35:01,40:02,03:03,03:04,04:05,15:01,04:01,06:02
NA18965,CHB+JPT,26:01,31:01,40:06,56:01,04:01,08:01,09:01,09:01,03:03,03:03
NA18966,CHB+JPT,02:01,02:06,15:01,35:01,03:03,03:03,15:01,15:01,06:02,06:02
NA18967,CHB+JPT,24:02,24:02,40:02,51:01,03:04,14:02,14:05,09:01,05:03,03:03
NA18968,CHB+JPT,11:01,31:01,40:01,51:01,07:02,14:02,15:01,14:03,03:01,06:02
NA18969,CHB+JPT,24:02,31:01,48:01,52:01,08:01,12:02,14:01,15:02,05:02,06:01
NA18970,CHB+JPT,24:02,26:01,15:18,54:01,01:02,07:04,14:05,04:01,05:03,03:01
NA18971,CHB+JPT,02:06,24:02,40:02,40:02,03:04,07:02,14:01,09:01,05:03,03:03
NA18972,CHB+JPT,24:02,24:02,40:02,59:01,01:02,03:03,15:01,04:05,06:02,04:01
NA18973,CHB+JPT,24:02,33:03,15:07,46:01,01:02,03:03,08:03,14:03,06:01,03:01
NA18974,CHB+JPT,02:01,26:01,39:01,40:01,07:02,07:02,15:01,09:01,06:02,03:03
NA18975,CHB+JPT,02:01,02:06,07:02,15:01,04:01,07:02,01:01,04:06,05:01,03:02
NA18976,CHB+JPT,33:03,33:03,44:03,44:03,14:03,14:03,13:02,13:02,06:04,06:04
NA18977,CHB+JPT,02:06,24:02,35:01,55:02,01:02,03:04,04:05,12:01,03:03,04:01
NA18978,CHB+JPT,03:01,31:01,40:02,44:02,05:01,14:02,13:01,04:03,06:03,03:02
NA18979,CHB+JPT,02:01,24:02,52:01,55:02,01:02,12:02,15:02,04:05,04:01,06:01
NA18980,CHB+JPT,11:01,31:01,13:01,40:01,03:03,03:04,08:01,12:01,06:01,03:01
NA18981,CHB+JPT,02:01,31:01,51:01,51:01,14:02,14:02,08:02,15:01,04:02,03:01
NA18987,CHB+JPT,02:01,26:01,40:06,46:01,01:02,08:01,08:12,12:01,06:01,03:01
NA18990,CHB+JPT,24:02,33:03,40:02,44:03,03:03,14:03,13:02,09:01,06:04,03:03
NA18991,CHB+JPT,02:01,24:02,40:02,52:01,12:02,15:02,15:02,04:03,06:01,03:02
NA18992,CHB+JPT,24:02,33:03,44:03,52:01,12:02,14:03,13:02,15:02,06:04,06:01
NA18993,CHB+JPT,02:06,02:01,35:01,39:01,03:03,07:02,04:03,08:02,03:02,04:02
NA18994,CHB+JPT,24:02,31:01,07:02,40:02,03:04,07:02,01:01,08:02,05:01,03:02
NA18995,CHB+JPT,24:02,33:03,15:07,44:03,03:03,14:03,13:02,11:01,06:04,03:01
NA18997,CHB+JPT,24:02,26:03,15:01,39:01,03:03,07:02,04:06,09:01,03:02,03:03
NA18998,CHB+JPT,02:06,24:02,52:01,54:01,01:02,12:02,15:01,15:02,06:02,06:01
NA18999,CHB+JPT,24:04,33:03,40:06,46:01,01:02,08:01,09:01,09:01,03:03,03:03
NA19000,CHB+JPT,24:02,24:02,54:01,67:01,01:02,07:02,01:01,04:05,05:01,04:01
NA19001,CHB+JPT,02:06,24:02,07:02,52:01,07:02,12:02,01:01,15:02,05:01,06:01
NA19002,CHB+JPT,01:01,11:01,37:01,44:03,06:02,14:03,13:02,10:01,05:01,06:04
NA19003,CHB+JPT,02:06,11:01,39:01,39:01,07:02,07:02,13:02,08:03,06:04,06:01
NA19005,CHB+JPT,02:01,33:03,58:01,67:01,03:02,07:02,15:01,13:02,06:02,06:05
NA19007,CHB+JPT,02:01,26:03,35:01,46:01,01:02,03:03,08:03,09:01,06:01,03:03
NA19009,CHB+JPT,02:01,24:02,40:01,52:01,03:04,12:02,15:02,12:01,03:03,06:01
NA19010,CHB+JPT,24:02,24:02,35:01,35:01,03:03,08:01,04:03,04:10,03:02,04:02
NA19012,CHB+JPT,24:02,24:02,35:01,35:01,03:03,03:03,04:03,04:03,03:02,03:02
NA19027,LWK,36:01,36:01,53:01,57:03,04:01,07:01,11:01,12:01,05:01,06:02
NA19028,LWK,01:01,30:02,13:02,15:03,02:10,06:02,11:01,11:01,03:01,05:01
NA19031,LWK,02:01,30:01,42:01,53:01,04:01,17:01,03:02,11:02,03:01,04:02
NA19035,LWK,03:01,30:01,42:01,44:03,04:01,17:01,03:02,09:01,02:01,04:02
NA19036,LWK,02:02,36:01,53:01,58:02,04:01,06:02,11:01,12:01,05:01,06:02
NA19038,LWK,29:02,74:01,15:03,35:01,04:01,12:03,15:03,09:01,02:01,06:02
NA19041,LWK,02:01,30:01,45:01,58:02,06:02,06:02,01:02,13:02,05:01,06:09
NA19044,LWK,30:01,66:01,35:01,58:02,04:01,06:02,01:02,15:03,05:01,06:02
NA19046,LWK,02:01,68:02,15:10,18:01,03:04,07:04,01:01,13:02,05:01,06:04
NA19054,CHB+JPT,02:06,33:03,35:01,44:03,03:03,14:03,13:02,08:03,06:01,06:04
NA19055,CHB+JPT,02:06,24:02,07:02,59:01,01:02,07:02,01:01,12:01,03:03,05:01
NA19056,CHB+JPT,24:02,24:02,40:06,40:02,03:04,08:01,15:02,11:01,03:01,06:01
NA19057,CHB+JPT,02:10,31:01,40:06,59:01,01:02,08:01,04:05,04:05,04:01,04:01
NA19058,CHB+JPT,11:01,24:02,39:02,54:01,01:02,07:02,08:03,09:01,03:03,06:01
NA19059,CHB+JPT,02:06,24:02,46:01,52:01,01:02,12:02,15:02,04:05,04:01,06:01
NA19060,CHB+JPT,02:01,31:01,40:02,51:01,07:02,14:02,14:03,14:01,03:01,05:02
NA19062,CHB+JPT,24:02,26:02,07:02,44:03,07:02,14:03,13:02,04:10,04:02,06:04
NA19063,CHB+JPT,11:01,24:02,15:18,15:01,04:01,08:01,04:06,09:01,03:02,03:03
NA19064,CHB+JPT,02:07,24:02,15:18,46:01,01:02,07:04,04:01,08:03,03:01,06:01
NA19065,CHB+JPT,02:06,31:01,39:01,51:01,07:02,14:02,15:01,08:02,04:02,06:02
NA19066,CHB+JPT,24:02,31:01,51:01,52:01,12:02,14:02,15:02,07:01,02:01,06:01
NA19067,CHB+JPT,24:02,31:01,15:18,54:01,01:02,08:01,04:03,04:05,03:02,04:01
NA19068,CHB+JPT,11:01,26:01,40:02,51:01,01:02,03:04,08:02,09:01,03:02,03:03
NA19070,CHB+JPT,02:07,26:01,46:01,52:01,01:02,12:02,15:02,09:01,03:03,06:01
NA19072,CHB+JPT,24:02,33:03,46:01,58:01,01:03,03:02,13:02,04:05,03:02,06:09
NA19074,CHB+JPT,24:02,24:02,40:02,52:01,03:04,12:02,15:02,08:02,03:02,06:01
NA19075,CHB+JPT,02:01,26:03,15:01,56:01,03:03,04:01,15:01,09:01,03:03,06:02
NA19076,CHB+JPT,24:02,31:01,40:02,40:02,03:04,03:04,04:05,08:02,03:02,04:01
NA19077,CHB+JPT,24:02,24:02,37:01,51:01,06:02,14:02,09:01,10:01,03:03,05:01
NA19078,CHB+JPT,02:06,24:02,40:06,54:01,01:02,08:01,14:01,08:03,05:03,06:01
NA19079,CHB+JPT,24:02,33:03,44:03,48:01,08:01,14:03,13:02,04:03,03:02,06:04
NA19080,CHB+JPT,31:01,33:03,48:01,58:01,03:02,03:04,13:02,09:01,03:03,06:09
NA19081,CHB+JPT,24:02,26:01,35:01,52:01,03:03,12:02,15:02,09:01,03:03,06:01
NA19082,CHB+JPT,11:01,26:01,40:02,51:01,03:04,14:02,15:01,09:01,03:03,06:02
NA19083,CHB+JPT,26:03,33:03,15:01,44:03,03:03,14:03,13:02,14:03,03:01,06:04
NA19084,CHB+JPT,02:06,02:01,40:01,40:01,03:04,03:04,08:03,12:02,03:01,06:01
NA19085,CHB+JPT,24:02,33:03,44:03,52:01,12:02,14:03,15:02,13:02,06:01,06:04
NA19086,CHB+JPT,24:02,26:02,40:06,51:01,08:01,14:02,08:02,09:01,03:03,04:02
NA19087,CHB+JPT,02:01,33:03,35:01,44:03,03:03,14:03,13:02,04:10,04:02,06:04
NA19088,CHB+JPT,24:02,26:03,15:07,15:01,03:03,03:03,14:03,04:03,03:02,03:01
NA19092,YRI,36:01,68:02,42:01,81:01,08:04,17:01,13:01,03:02,05:01,04:02
NA19093,YRI,23:01,30:01,35:01,53:01,04:01,08:02,15:03,13:01,05:01,06:02
NA19094,YRI,23:01,36:01,53:01,81:01,08:02,08:04,13:01,13:02,05:01,05:01
NA19098,YRI,02:01,36:01,51:01,53:01,06:02,16:01,01:02,07:01,05:01,02:01
NA19099,YRI,23:01,36:01,07:02,07:02,07:02,15:05,15:03,09:01,05:02,02:01
NA19100,YRI,36:01,36:01,07:02,53:01,06:02,15:05,01:02,15:03,05:01,05:02
NA19101,YRI,34:02,36:01,15:10,53:01,04:01,16:01,11:01,11:02,06:02,03:01
NA19102,YRI,03:01,30:01,18:01,42:01,02:02,17:01,15:03,15:03,06:02,06:02
NA19103,YRI,30:01,34:02,15:10,42:01,16:01,17:01,15:03,11:02,06:02,03:01
NA19116,YRI,23:01,33:03,07:02,39:03,07:01,07:02,13:02,03:02,06:05,04:02
NA19119,YRI,23:01,36:01,35:01,49:01,04:01,07:01,03:01,07:01,02:01,05:01
NA19120,YRI,23:01,36:01,07:02,49:01,07:01,07:02,13:02,07:01,06:05,02:01
NA19127,YRI,02:02,02:05,15:10,58:01,07:01,08:04,01:01,11:04,05:01,05:02
NA19128,YRI,23:01,68:02,07:02,15:10,03:02,07:02,03:01,11:02,02:01,03:01
NA19129,YRI,02:02,23:01,07:02,58:01,07:01,07:02,01:01,11:02,05:01,03:01
NA19130,YRI,33:03,36:01,13:02,35:01,04:01,04:01,08:04,08:04,04:02,03:01
NA19131,YRI,66:02,68:02,42:01,53:01,04:01,17:01,03:02,08:04,04:02,03:01
NA19132,YRI,36:01,66:02,35:01,53:01,04:01,04:01,08:04,08:04,03:01,03:01
NA19137,YRI,02:01,30:01,07:02,45:01,07:02,16:01,15:03,11:02,06:02,03:01
NA19138,YRI,02:01,23:01,07:02,58:01,07:01,07:02,13:03,15:03,06:05,03:01
NA19139,YRI,23:01,30:01,07:02,07:02,07:02,07:02,15:03,13:03,06:02,03:01
NA19140,YRI,03:01,36:01,15:10,58:01,07:01,08:04,15:03,11:04,06:02,05:02
NA19141,YRI,02:11,36:01,35:01,52:01,07:01,16:01,13:01,13:02,06:03,06:05
NA19142,YRI,02:11,03:01,15:10,52:01,08:04,16:01,11:04,13:01,05:02,06:03
NA19143,YRI,02:02,23:01,52:01,53:01,04:01,16:01,13:02,03:01,06:04,02:01
NA19144,YRI,32:01,33:03,53:01,58:01,03:02,04:01,13:01,03:01,06:03,02:01
NA19145,YRI,02:02,32:01,53:01,58:01,03:02,04:01,13:01,13:02,06:04,06:03
NA19152,YRI,03:01,26:01,15:10,56:01,01:02,08:04,11:04,14:01,05:02,05:03
NA19153,YRI,33:03,36:01,18:01,53:01,04:01,05:01,14:01,03:02,05:03,04:02
NA19154,YRI,26:01,33:03,18:01,56:01,01:02,05:01,14:01,14:01,05:03,05:03
NA19159,YRI,03:01,23:01,52:01,57:02,16:01,18:01,13:35,07:01,06:03,02:01
NA19160,YRI,26:01,68:01,15:10,51:01,04:01,16:01,11:04,13:03,05:02,03:01
NA19161,YRI,03:01,26:01,15:10,57:02,04:01,18:01,11:04,07:01,05:02,02:01
NA19171,YRI,02:02,23:01,52:01,53:01,04:01,16:01,13:02,13:03,06:05,03:01
NA19172,YRI,30:02,68:01,35:01,44:03,04:01,04:01,07:01,15:03,02:01,02:01
NA19173,YRI,23:01,30:02,35:01,52:01,04:01,16:01,07:01,13:03,02:01,03:01
NA19192,YRI,33:03,34:02,13:02,35:01,04:01,04:01,15:01,08:04,06:02,04:02
NA19193,YRI,03:01,30:01,15:03,35:01,02:02,04:01,07:01,11:01,02:01,03:01
NA19194,YRI,03:01,33:03,13:02,35:01,04:01,04:01,07:01,08:04,02:01,04:02
NA19200,YRI,23:01,30:02,07:02,52:01,07:02,16:01,01:01,13:01,05:01,05:01
NA19201,YRI,03:01,33:03,15:16,18:01,02:02,14:02,03:01,07:01,02:01,02:01
NA19202,YRI,23:01,33:03,07:02,15:16,07:02,14:02,01:01,03:01,05:01,02:01
NA19203,YRI,36:01,80:01,18:01,53:01,02:02,04:01,07:01,03:02,02:01,04:02
NA19204,YRI,02:05,30:02,18:01,58:01,07:01,08:02,07:01,07:01,02:01,02:01
NA19205,YRI,02:05,36:01,53:01,58:01,04:01,07:01,07:01,03:02,02:01,04:02
NA19206,YRI,01:01,02:01,42:01,53:01,04:01,17:01,11:04,03:02,06:02,04:02
NA19207,YRI,30:02,68:02,08:01,15:10,03:02,07:01,03:01,11:01,02:01,03:01
NA19208,YRI,02:01,30:02,08:01,42:01,07:01,17:01,03:02,11:01,04:02,03:01
NA19209,YRI,03:01,30:01,15:10,52:01,08:04,16:01,11:04,13:01,05:02,06:03
NA19210,YRI,03:01,33:01,15:10,58:01,03:02,08:04,03:01,13:01,03:01,06:03
NA19211,YRI,03:01,33:01,15:10,58:01,03:02,08:04,11:04,13:01,05:02,06:03
NA19221,YRI,30:01,33:03,41:04,42:02,17:01,17:01,13:03,13:27,02:01,02:01
NA19222,YRI,30:01,33:03,42:02,45:01,16:01,17:01,13:03,04:03,02:01,03:02
NA19223,YRI,30:01,33:03,41:04,42:01,17:01,17:01,03:02,13:27,02:01,04:02
NA19238,YRI,30:01,36:01,53:01,57:03,04:01,18:01,16:02,11:01,05:02,06:02
NA19239,YRI,02:01,68:02,35:01,52:01,04:01,16:01,13:01,13:01,05:01,03:01
NA19240,YRI,30:01,68:02,35:01,57:03,04:01,18:01,16:02,12:01,05:02,03:01
NA19307,LWK,03:01,32:01,52:01,81:01,08:04,12:02,15:02,12:01,05:01,06:01
NA19308,LWK,02:14,66:02,18:03,58:01,04:01,07:01,15:03,11:04,03:01,06:02
NA19309,LWK,02:01,66:01,27:03,58:02,02:02,06:02,03:02,08:04,03:01,04:02
NA19310,LWK,29:02,34:02,35:01,53:01,04:01,04:01,15:03,13:03,02:01,06:02
NA19311,LWK,30:02,66:01,14:02,58:02,06:02,08:02,15:03,13:01,06:02,06:02
NA19313,LWK,03:01,23:01,15:03,40:12,02:10,04:04,15:03,11:01,03:01,06:02
NA19314,LWK,02:01,29:01,18:01,51:01,07:04,16:01,15:03,11:01,03:01,06:02
NA19315,LWK,01:01,02:01,45:01,58:01,03:02,16:01,11:02,13:01,03:01,05:01
NA19316,LWK,02:01,31:04,15:03,58:01,02:10,07:01,11:01,13:02,03:01,06:04
NA19317,LWK,23:01,30:01,15:03,42:01,02:10,17:01,04:01,07:01,02:01,03:02
NA19318,LWK,29:02,68:02,07:02,82:02,03:02,07:02,15:03,15:03,06:02,06:02
NA19319,LWK,02:01,36:01,15:03,53:01,02:10,04:01,11:01,08:04,03:01,06:02
NA19321,LWK,02:01,29:02,45:01,53:01,04:01,16:01,01:02,15:03,05:01,06:02
NA19324,LWK,01:02,23:01,08:01,58:01,03:02,03:04,08:04,10:01,03:01,05:01
NA19327,LWK,23:01,26:01,45:01,45:01,06:02,16:01,01:02,13:02,05:01,05:01
NA19328,LWK,02:01,33:03,18:01,53:01,04:01,07:04,01:01,08:04,03:01,05:01
NA19332,LWK,30:02,66:01,15:10,58:02,03:04,06:02,03:01,13:01,02:01,03:03
NA19334,LWK,02:01,33:03,15:10,45:01,03:04,16:01,03:01,08:04,02:01,03:01
NA19346,LWK,23:01,74:01,15:03,18:01,02:10,07:04,15:03,11:01,06:02,06:02
NA19347,LWK,02:01,68:02,07:02,58:01,07:02,16:01,15:03,11:01,05:01,06:02
NA19350,LWK,30:02,66:02,18:01,58:02,06:02,07:04,12:01,10:01,05:01,05:01
NA19352,LWK,23:01,68:02,07:02,15:17,05:01,07:02,15:03,03:02,04:02,06:02
NA19359,LWK,29:02,29:02,44:03,81:01,08:04,14:03,15:03,12:01,05:01,06:02
NA19360,LWK,02:02,74:01,53:01,58:02,04:01,06:02,11:01,08:04,03:01,06:02
NA19371,LWK,68:02,74:01,53:01,58:02,04:01,06:02,11:02,08:04,03:01,03:01
NA19372,LWK,02:01,30:02,51:01,53:01,04:01,16:01,07:01,07:01,02:01,02:01
NA19373,LWK,34:02,68:02,35:01,41:01,04:01,17:01,03:02,11:02,03:01,04:02
NA19374,LWK,34:02,68:02,35:01,41:01,04:01,17:01,03:02,11:02,03:01,04:02
NA19375,LWK,03:01,68:02,15:10,15:03,03:04,04:01,11:02,13:02,03:01,06:04
NA19376,LWK,66:01,68:02,15:17,58:02,05:01,06:02,11:02,13:01,03:01,06:03
NA19377,LWK,02:01,03:01,42:01,82:02,03:02,17:01,03:01,08:04,02:01,03:01
NA19379,LWK,02:05,36:01,51:01,53:01,04:01,16:01,03:01,11:01,02:01,06:02
NA19380,LWK,02:01,29:02,45:01,51:01,16:01,16:01,03:02,13:02,04:02,05:01
NA19381,LWK,02:01,74:01,42:01,51:01,16:01,17:01,03:02,13:02,04:02,05:01
NA19382,LWK,02:01,29:02,51:01,57:03,16:01,18:01,13:01,13:02,05:01,05:01
NA19383,LWK,02:01,30:01,15:10,53:01,03:04,04:01,11:01,12:01,05:01,06:02
NA19384,LWK,03:01,30:01,35:01,45:01,07:01,07:04,15:03,12:01,05:01,06:02
NA19385,LWK,30:02,66:01,08:01,81:01,07:01,18:01,15:03,13:03,03:01,06:02
NA19390,LWK,02:05,74:01,15:03,48:05,02:10,15:05,11:01,14:01,03:01,05:03
NA19391,LWK,34:02,66:02,53:01,57:03,06:02,07:01,11:02,14:01,03:02,03:01
NA19393,LWK,32:01,68:02,15:17,15:03,04:01,05:01,11:02,11:02,03:01,03:01
NA19394,LWK,30:02,34:02,13:02,14:02,06:02,08:02,15:03,11:01,06:02,06:02
NA19396,LWK,66:02,74:01,35:01,58:02,04:01,06:02,15:03,12:01,05:01,06:02
NA19397,LWK,29:02,66:02,08:01,58:02,06:02,07:02,15:03,12:01,05:01,05:01
NA19398,LWK,30:02,30:01,08:01,42:01,07:01,17:01,03:02,11:01,03:01,04:02
NA19399,LWK,03:01,68:02,18:01,58:02,06:02,07:04,15:03,11:02,03:01,06:02
NA19403,LWK,23:01,34:02,35:01,44:03,04:01,04:01,15:03,15:03,06:02,06:02
NA19404,LWK,02:02,36:01,53:01,58:02,04:01,06:02,11:01,11:02,03:01,06:02
NA19428,LWK,30:02,68:02,18:01,53:01,06:02,07:04,01:02,11:01,05:01,06:02
NA19429,LWK,02:05,29:02,15:03,41:01,07:01,12:03,15:03,09:01,02:01,06:02
NA19430,LWK,31:04,66:02,39:10,58:01,07:01,12:03,01:02,10:01,05:01,05:01
NA19431,LWK,30:02,30:02,15:10,18:01,03:04,07:04,03:01,11:01,02:01,06:02
NA19434,LWK,01:02,66:01,81:01,81:01,04:01,18:01,15:03,11:01,03:01,06:02
NA19435,LWK,30:01,66:01,15:10,42:01,03:04,17:01,03:01,03:02,02:01,04:02
NA19436,LWK,30:01,74:01,15:10,58:02,03:04,06:02,11:02,12:01,03:01,05:01
NA19437,LWK,02:05,02:05,18:01,40:12,04:04,07:04,11:01,08:04,05:01,06:02
NA19438,LWK,34:02,66:02,49:01,58:01,07:01,07:01,15:03,03:01,02:01,06:02
NA19439,LWK,30:02,66:01,42:01,58:02,06:02,17:01,15:03,15:03,06:02,06:02
NA19440,LWK,02:01,29:02,42:01,45:01,16:01,17:01,03:01,03:02,02:01,04:02
NA19443,LWK,30:01,68:02,08:01,53:01,04:01,07:02,13:02,08:04,03:01,06:09
NA19444,LWK,01:02,02:01,42:01,81:01,04:01,17:01,03:02,11:01,03:01,04:02
NA19445,LWK,30:01,74:01,15:03,42:01,02:10,17:01,01:01,03:02,04:02,05:01
NA19446,LWK,02:05,30:01,45:01,51:01,06:02,16:01,03:01,13:01,02:01,06:04
NA19448,LWK,02:02,68:02,58:02,81:01,06:02,18:01,03:02,12:01,04:02,05:01
NA19449,LWK,74:03,80:01,57:02,81:01,04:01,18:01,11:01,10:01,05:01,05:01
NA19451,LWK,30:01,31:04,51:01,58:01,02:10,07:01,15:03,07:01,02:01,06:02
NA19452,LWK,29:02,74:01,15:03,53:01,02:10,04:01,11:01,13:02,03:01,06:09
NA19455,LWK,02:01,32:01,45:01,81:01,04:01,16:01,11:01,08:04,03:01,05:01
NA19456,LWK,23:01,74:01,53:01,58:01,03:02,06:02,15:03,13:02,06:02,06:09
NA19457,LWK,23:01,32:01,08:01,81:01,07:01,08:04,11:01,12:01,05:01,06:02
NA19462,LWK,02:01,02:01,42:01,45:01,16:01,17:01,01:02,03:02,04:02,05:01
NA19463,LWK,02:02,02:01,53:01,58:01,04:01,06:02,11:01,08:04,03:01,06:02
NA19466,LWK,02:01,30:02,45:01,57:03,16:01,18:01,01:02,13:01,05:01,05:01
NA19467,LWK,02:02,02:01,53:01,53:01,04:01,04:01,11:02,08:04,03:01,03:01
NA19468,LWK,66:01,74:01,81:01,81:01,18:01,18:01,13:01,10:01,05:01,06:02
NA19469,LWK,30:01,34:02,08:01,58:01,03:02,07:02,15:03,11:01,03:01,06:02
NA19470,LWK,30:02,30:01,08:01,08:01,07:01,07:02,11:01,13:02,03:01,06:09
NA19471,LWK,23:01,29:02,53:01,73:01,06:02,15:05,03:01,11:01,02:01,06:02
NA19472,LWK,02:01,02:01,45:01,45:01,16:01,16:01,13:01,13:01,05:01,06:03
NA19473,LWK,02:02,02:01,58:02,73:01,06:02,15:05,01:02,11:02,03:01,05:01
NA19474,LWK,02:01,74:03,45:01,45:01,06:02,16:01,13:02,13:02,06:09,06:09
NA19625,ASW,02:01,23:01,07:02,44:03,07:01,12:03,15:01,13:02,06:02,06:09
NA19648,MXL,03:01,11:01,07:02,51:01,01:02,07:02,15:01,08:01,04:02,06:02
NA19649,MXL,24:02,24:02,08:01,39:06,07:01,07:02,15:01,14:06,03:01,06:02
NA19650,MXL,03:01,24:02,39:06,51:01,01:02,07:02,14:06,08:01,03:01,04:02
NA19651,MXL,03:01,68:01,35:01,40:20,03:04,04:01,01:01,14:02,03:01,05:01
NA19652,MXL,02:01,11:01,35:08,35:01,04:01,04:01,04:02,04:07,03:02,03:01
NA19653,MXL,02:01,03:01,35:01,35:01,04:01,04:01,01:01,04:07,03:01,05:01
NA19654,MXL,26:01,68:01,18:06,40:02,03:04,07:01,11:04,04:07,03:02,03:01
NA19655,MXL,23:01,29:02,35:08,44:03,04:01,04:01,13:01,07:01,02:01,06:03
NA19656,MXL,23:01,26:01,18:06,44:03,04:01,07:01,04:07,07:01,02:01,03:02
NA19657,MXL,01:01,02:01,08:01,52:01,03:03,07:01,03:01,14:06,02:01,03:01
NA19658,MXL,26:01,29:02,44:03,55:01,03:03,16:01,11:01,07:01,02:01,03:01
NA19659,MXL,02:01,26:01,52:01,55:01,03:03,03:03,11:01,14:06,03:01,03:01
NA19660,MXL,02:01,24:02,39:05,39:06,07:02,07:02,14:06,04:07,03:02,03:01
NA19661,MXL,03:01,24:02,14:02,40:02,03:04,08:02,01:02,04:11,03:02,05:01
NA19662,MXL,02:01,03:01,14:02,39:05,07:02,08:02,01:02,04:07,03:02,05:01
NA19663,MXL,24:02,30:02,14:02,44:05,02:02,08:02,01:01,01:02,05:01,05:01
NA19664,MXL,11:01,24:02,35:03,39:06,04:01,07:02,15:01,14:06,03:01,06:02
NA19665,MXL,11:01,24:02,35:03,44:05,02:02,04:01,01:01,15:01,05:01,06:02
NA19669,MXL,03:01,11:01,07:02,15:03,02:10,07:02,13:04,04:03,03:01,03:01
NA19670,MXL,26:01,26:01,14:02,38:01,08:02,12:03,03:01,07:01,02:01,02:01
NA19671,MXL,11:01,26:01,07:02,38:01,07:02,12:03,04:03,07:01,02:01,03:01
NA19675,MXL,02:01,30:01,14:01,57:01,06:02,08:02,03:01,07:01,02:01,03:03
NA19676,MXL,01:01,31:01,14:02,35:01,04:01,08:02,04:07,12:01,03:02,03:01
NA19677,MXL,01:01,30:01,14:01,14:02,08:02,08:02,03:01,12:01,02:01,03:01
NA19678,MXL,24:02,30:01,14:01,35:14,04:01,08:02,16:02,03:01,02:01,03:01
NA19679,MXL,02:01,03:01,14:02,57:01,06:02,08:02,15:01,07:01,03:03,06:02
NA19680,MXL,03:01,24:02,14:02,35:14,04:01,08:02,15:01,16:02,03:01,06:02
NA19681,MXL,01:01,02:01,08:01,39:06,07:01,07:02,03:01,14:06,02:01,03:01
NA19682,MXL,02:06,30:01,35:17,47:01,03:03,06:02,03:01,14:02,02:01,03:04
NA19683,MXL,01:01,30:01,08:01,47:01,06:02,07:01,03:01,03:01,02:01,02:01
NA19684,MXL,02:01,03:01,07:02,35:17,04:01,07:02,13:01,08:02,04:02,06:03
NA19685,MXL,03:01,24:02,14:02,39:06,07:02,08:02,01:02,14:06,03:01,05:01
NA19686,MXL,03:01,03:01,07:02,14:02,07:02,08:02,01:02,13:01,05:01,06:03
NA19700,ASW,03:01,30:01,15:10,42:01,08:04,17:01,11:04,09:01,02:01,05:02
NA19701,ASW,24:02,68:02,15:37,40:02,03:04,03:05,03:01,04:07,02:01,03:02
NA19702,ASW,03:01,68:02,15:10,15:37,03:04,08:04,03:01,11:04,02:01,05:02
NA19703,ASW,02:01,30:02,44:02,58:01,05:01,07:01,04:01,04:05,03:02,03:01
NA19704,ASW,11:01,68:02,15:10,51:01,03:04,03:03,11:01,04:01,02:01,03:02
NA19705,ASW,30:02,68:02,15:10,58:01,03:04,07:01,11:01,04:05,02:01,03:02
NA19707,ASW,02:01,26:08,07:02,40:01,03:04,07:02,13:01,04:04,03:02,06:03
NA19708,ASW,02:01,02:01,07:02,53:01,04:01,07:02,13:01,07:01,02:01,06:03
NA19711,ASW,02:01,68:02,35:01,53:01,04:01,07:01,13:02,07:01,03:02,05:01
NA19712,ASW,02:01,68:01,15:03,45:01,02:10,16:01,03:01,13:01,02:01,03:02
NA19713,ASW,02:02,02:01,13:02,45:01,08:04,16:01,13:02,08:04,04:02,06:09
NA19714,ASW,26:08,29:02,40:01,42:01,03:04,17:01,03:02,04:04,03:02,04:02
NA19716,MXL,30:02,31:01,18:01,27:05,01:02,05:01,01:01,03:01,02:01,05:01
NA19717,MXL,02:01,68:02,14:02,15:15,01:02,08:02,01:02,04:03,03:02,05:01
NA19718,MXL,02:01,30:02,15:15,18:01,01:02,05:01,03:01,04:03,02:01,03:02
NA19719,MXL,02:02,03:01,35:03,51:23,04:01,16:01,11:01,14:01,03:01,05:03
NA19720,MXL,31:01,68:01,15:15,48:01,01:02,08:01,04:04,08:02,03:02,04:02
NA19721,MXL,03:01,31:01,15:15,35:03,01:02,04:01,11:01,08:02,03:01,04:02
NA19722,MXL,03:01,25:01,18:01,44:02,05:01,12:03,15:01,04:05,03:02,06:02
NA19723,MXL,31:01,68:01,15:15,40:02,01:02,03:04,16:02,08:02,03:01,04:02
NA19724,MXL,03:01,68:01,15:15,44:02,01:02,05:01,04:05,08:02,03:02,04:02
NA19725,MXL,01:01,02:01,38:01,52:01,12:02,12:03,15:02,03:01,02:01,06:01
NA19726,MXL,02:06,02:01,15:01,39:05,01:02,07:02,04:07,08:02,03:02,04:02
NA19727,MXL,01:01,02:06,39:05,52:01,07:02,12:02,15:02,04:07,03:02,06:01
NA19728,MXL,24:02,24:02,35:12,40:05,03:04,04:01,14:02,04:04,03:02,03:01
NA19729,MXL,02:06,02:01,35:12,48:01,04:01,08:01,08:02,08:02,04:02,04:02
NA19730,MXL,02:06,24:02,40:05,48:01,03:04,08:01,04:04,08:02,03:02,04:02
NA19731,MXL,02:06,68:01,35:17,51:02,04:01,08:01,04:11,08:02,03:02,04:02
NA19732,MXL,02:06,31:01,48:01,51:01,08:01,08:01,08:02,08:02,04:02,04:02
NA19733,MXL,02:06,68:01,51:02,51:01,08:01,08:01,04:11,08:02,03:02,04:02
NA19746,MXL,02:01,34:02,35:17,58:02,04:01,06:02,11:02,08:02,02:01,04:02
NA19747,MXL,30:02,68:01,14:02,45:01,06:02,08:02,01:02,04:05,03:02,05:01
NA19748,MXL,34:02,68:01,45:01,58:02,06:02,06:02,11:02,04:05,02:01,03:02
NA19749,MXL,11:01,24:02,07:02,18:01,05:01,07:02,01:03,04:04,03:02,05:01
NA19750,MXL,02:01,03:01,41:01,51:01,01:02,07:01,15:02,08:01,04:02,06:01
NA19751,MXL,03:01,24:02,07:02,51:01,01:02,07:02,01:03,08:01,04:02,05:01
NA19755,MXL,02:06,68:02,35:17,51:01,04:01,15:02,08:02,08:02,04:02,04:02
NA19756,MXL,30:01,33:01,13:02,14:01,06:02,08:02,07:01,07:01,02:01,02:01
NA19757,MXL,33:01,68:02,14:01,35:17,04:01,08:02,07:01,08:02,02:01,04:02
NA19758,MXL,02:06,24:02,35:14,48:03,04:01,08:01,16:02,08:02,03:01,04:02
NA19759,MXL,24:03,24:02,35:05,39:06,04:01,07:02,14:06,04:04,03:02,03:01
NA19760,MXL,24:02,24:02,35:14,39:06,04:01,07:02,16:02,14:06,03:01,03:01
NA19761,MXL,02:01,24:02,41:01,48:01,07:01,08:01,07:01,10:01,02:01,05:01
NA19762,MXL,30:02,31:01,18:01,35:17,04:01,05:01,03:01,04:07,02:01,03:02
NA19763,MXL,24:02,31:01,35:17,48:01,04:01,08:01,04:07,07:01,02:01,03:02
NA19770,MXL,11:01,31:01,18:01,51:02,05:01,08:01,03:01,14:02,02:01,03:02
NA19771,MXL,03:01,29:02,15:16,44:03,14:02,16:01,15:01,04:11,03:02,06:02
NA19772,MXL,11:01,29:02,44:03,51:02,08:01,16:01,15:01,14:02,03:02,06:02
NA19773,MXL,24:02,68:03,14:02,41:02,08:02,17:01,01:02,03:01,02:01,05:01
NA19774,MXL,02:06,11:01,27:05,51:01,01:02,03:04,01:01,04:11,03:02,05:01
NA19775,MXL,11:01,24:02,14:02,27:05,01:02,08:02,01:01,01:02,05:01,05:01
NA19776,MXL,24:02,31:01,07:02,35:01,04:01,07:02,14:06,04:03,03:02,03:01
NA19777,MXL,31:01,31:01,15:01,35:01,01:02,04:01,16:02,08:02,03:01,04:02
NA19778,MXL,31:01,31:01,15:01,35:01,01:02,04:01,04:03,08:02,03:02,04:02
NA19780,MXL,68:01,68:01,40:02,48:01,03:04,08:01,04:04,04:11,03:02,03:02
NA19781,MXL,02:01,68:01,40:02,44:02,03:04,05:09,13:01,04:11,03:02,06:03
NA19782,MXL,11:01,30:01,35:01,42:02,04:01,17:01,01:01,08:04,03:01,05:01
NA19783,MXL,29:02,68:02,44:03,50:01,06:02,16:01,11:03,07:01,02:01,03:01
NA19784,MXL,30:01,68:02,42:02,50:01,06:02,17:01,11:03,08:04,03:01,03:01
NA19785,MXL,02:01,02:01,15:01,52:01,03:03,03:03,11:01,04:04,03:02,03:01
NA19786,MXL,24:02,25:01,18:01,35:02,04:01,12:03,15:01,11:04,03:01,06:02
NA19787,MXL,02:01,25:01,15:01,18:01,03:03,12:03,15:01,11:01,03:01,06:02
NA19788,MXL,02:01,74:01,45:01,82:01,03:02,16:01,11:02,11:02,03:01,03:01
NA19789,MXL,24:02,25:01,18:01,35:17,04:01,12:03,16:02,04:04,03:01,04:02
NA19790,MXL,25:01,74:01,18:01,82:01,03:02,12:03,11:02,04:04,03:01,04:02
NA19794,MXL,01:01,02:01,51:01,56:01,01:02,16:02,01:01,11:04,03:01,05:01
NA19795,MXL,02:01,68:01,35:17,48:01,04:01,08:01,16:02,08:02,03:01,04:02
NA19796,MXL,02:01,02:01,35:17,51:01,04:01,16:02,11:04,08:02,03:01,04:02
NA19818,ASW,30:01,36:01,39:10,42:01,12:03,17:01,13:01,08:04,03:01,06:09
NA19819,ASW,02:01,68:01,40:01,58:02,03:04,06:02,01:01,12:01,05:01,05:01
NA19828,ASW,02:01,36:01,39:10,40:01,03:04,12:03,01:01,13:01,05:01,06:09
NA19834,ASW,01:01,23:01,35:01,39:10,04:01,12:03,01:01,08:04,03:01,05:01
NA19835,ASW,02:01,24:02,50:01,53:01,04:01,06:02,14:01,08:04,03:01,05:01
NA19836,ASW,01:01,24:02,35:01,50:01,04:01,06:02,01:01,14:01,05:01,05:01
NA19900,ASW,23:01,31:04,42:01,44:03,02:10,17:01,15:03,11:02,03:01,06:02
NA19901,ASW,24:02,74:01,39:06,58:02,06:02,07:02,01:01,11:02,03:01,05:04
NA19902,ASW,23:01,74:01,44:03,58:02,02:10,06:02,15:03,11:02,03:01,06:02
NA19904,ASW,02:01,31:01,35:03,44:02,05:01,12:03,15:01,04:01,03:01,06:02
NA19908,ASW,02:01,36:01,50:01,58:01,06:02,07:01,15:03,08:06,06:02,06:02
NA19909,ASW,30:01,30:01,42:01,42:01,17:01,17:01,03:02,03:02,04:02,04:02
NA19914,ASW,01:02,02:01,35:01,44:03,04:01,04:01,13:02,07:01,02:01,06:09
NA19915,ASW,01:02,23:01,08:01,44:03,04:01,07:01,11:01,07:01,02:01,03:01
NA19916,ASW,68:02,74:01,15:03,53:01,02:10,04:01,03:01,07:01,02:01,02:01
NA19917,ASW,03:01,30:02,15:03,41:02,02:10,17:01,01:02,09:01,02:01,05:01
NA19918,ASW,03:01,74:01,15:03,41:02,02:10,17:01,07:01,09:01,02:01,02:01
NA19919,ASW,02:01,30:01,42:01,50:01,06:02,17:01,03:02,08:06,04:02,06:02
NA19920,ASW,30:02,74:01,08:01,57:03,07:01,07:01,15:03,03:01,02:01,06:02
NA19921,ASW,03:01,31:01,15:01,48:01,04:01,07:02,03:01,14:02,02:01,03:01
NA19982,ASW,02:01,68:01,07:02,27:05,01:02,07:02,01:03,09:01,02:01,03:01
NA19983,ASW,02:01,02:01,27:05,45:01,01:02,16:01,01:03,13:02,03:01,06:09
NA19985,ASW,02:02,26:08,13:02,40:01,03:04,08:04,04:04,08:04,03:02,04:02
NA20126,ASW,02:01,68:02,27:05,57:03,01:02,07:01,01:01,12:01,03:01,05:01
NA20127,ASW,02:02,29:02,13:02,35:01,04:01,06:02,01:01,10:01,05:01,05:01
NA20128,ASW,29:02,68:02,13:02,57:03,06:02,07:01,01:01,12:01,03:01,05:01
NA20129,ASW,30:02,31:01,08:01,48:01,04:01,07:01,03:01,14:02,02:01,03:01
NA20276,ASW,30:02,34:02,44:03,49:01,04:01,07:01,15:03,08:04,03:01,06:02
NA20277,ASW,23:01,34:02,44:03,57:03,04:01,18:01,03:01,08:04,02:01,03:01
NA20278,ASW,03:02,34:02,44:03,49:01,04:01,05:01,15:03,13:03,03:01,06:02
NA20279,ASW,03:02,03:01,49:01,53:01,04:01,05:01,13:03,08:04,03:01,03:01
NA20281,ASW,23:01,68:02,15:17,53:01,04:01,05:01,11:01,13:03,02:01,06:04
NA20282,ASW,03:01,23:01,53:01,81:01,04:01,08:04,03:02,08:04,03:01,04:02
NA20284,ASW,03:01,66:01,18:01,53:01,02:02,04:01,07:01,08:04,02:01,03:01
NA20287,ASW,24:02,74:01,15:03,55:01,02:10,03:03,11:01,04:07,03:01,03:01
NA20288,ASW,36:01,74:01,15:03,53:01,02:10,04:01,11:01,11:01,03:01,06:02
NA20289,ASW,30:02,30:01,42:01,53:01,04:01,17:01,16:02,08:06,05:02,06:02
NA20290,ASW,30:01,68:02,42:01,42:01,17:01,17:01,16:02,03:02,04:02,05:02
NA20291,ASW,30:02,68:01,14:01,58:01,02:10,08:02,16:02,13:02,05:02,06:09
NA20292,ASW,24:02,30:02,07:02,58:01,02:10,07:02,15:01,13:02,06:02,06:09
NA20294,ASW,02:02,80:01,13:02,45:01,08:04,16:01,01:02,08:04,04:02,05:01
NA20295,ASW,23:01,80:01,45:01,53:01,08:02,16:01,01:02,15:03,05:01,06:02
NA20296,ASW,02:01,29:02,44:03,58:01,03:02,16:01,13:04,07:01,02:01,03:01
NA20297,ASW,02:01,23:01,15:17,58:01,03:02,05:01,11:01,13:04,03:01,06:04
NA20299,ASW,02:01,31:01,35:01,44:05,02:02,04:01,04:04,04:07,03:02,03:02
NA20300,ASW,31:01,66:01,35:01,52:01,04:01,16:01,01:02,04:07,03:02,05:01
NA20301,ASW,03:01,23:01,53:01,81:01,04:01,08:04,03:02,08:04,03:01,04:02
NA20302,ASW,23:01,74:01,45:01,81:01,06:02,08:04,03:02,03:02,04:02,04:02
NA20314,ASW,29:02,31:01,07:02,51:01,07:02,15:02,15:01,08:02,03:01,06:02
NA20316,ASW,31:01,66:01,41:02,51:01,15:02,17:01,07:01,08:02,02:01,03:01
NA20317,ASW,33:03,68:01,58:01,58:01,07:01,07:01,15:03,13:01,06:02,06:09
NA20319,ASW,68:01,68:01,15:03,58:01,02:10,07:01,11:02,13:01,03:01,06:09
NA20322,ASW,29:02,68:02,13:02,53:01,04:01,08:04,15:03,10:01,05:01,06:02
NA20332,ASW,02:02,03:01,07:02,53:01,04:01,07:01,13:02,13:02,06:09,06:09
NA20333,ASW,03:01,68:02,07:02,42:01,07:01,17:01,03:02,13:02,04:02,06:09
NA20334,ASW,02:02,26:01,07:02,53:01,04:01,07:02,01:01,11:02,03:01,05:01
NA20335,ASW,01:01,26:01,07:02,15:01,07:02,12:03,01:01,13:02,05:01,06:04
NA20336,ASW,29:02,30:02,44:03,57:03,16:01,18:01,13:01,07:01,02:01,05:01
NA20337,ASW,11:01,29:02,44:03,57:01,06:02,16:01,01:01,07:01,02:01,05:01
NA20340,ASW,29:02,30:01,15:16,44:03,14:02,16:01,13:03,07:01,02:01,02:01
NA20341,ASW,30:02,30:02,53:01,81:01,04:01,08:04,08:06,12:01,05:01,06:02
NA20342,ASW,02:02,68:01,53:01,53:01,04:01,04:01,13:02,10:01,05:01,06:04
NA20343,ASW,24:02,68:01,15:16,53:01,04:01,14:02,11:01,10:01,05:01,05:01
NA20344,ASW,02:02,30:01,53:01,53:01,04:01,04:01,13:03,08:04,02:01,03:01
NA20345,ASW,23:01,30:01,45:01,53:01,04:07,04:01,13:01,08:04,03:03,03:01
NA20346,ASW,30:02,68:02,15:10,53:01,04:01,08:04,13:02,13:03,02:01,06:04
NA20347,ASW,01:01,68:02,53:01,53:01,03:02,04:01,13:03,10:01,02:01,05:01
NA20348,ASW,30:01,33:03,18:01,42:01,07:04,17:01,03:02,11:01,02:01,06:02
NA20349,ASW,02:02,30:01,53:01,53:01,04:01,04:01,13:03,08:04,02:01,03:01
NA20350,ASW,02:02,24:02,07:02,53:01,04:01,07:02,15:01,13:03,02:01,06:02
NA20356,ASW,33:01,68:01,07:02,78:01,07:02,16:01,11:02,10:01,03:01,05:01
NA20357,ASW,23:01,80:01,07:02,81:01,07:02,08:04,13:01,14:01,05:02,06:09
NA20358,ASW,23:01,33:01,78:01,81:01,08:04,16:01,14:01,10:01,05:01,05:02
NA20359,ASW,01:01,02:01,53:01,53:01,03:02,04:01,13:03,10:01,03:01,05:01
NA20360,ASW,01:01,66:01,44:03,53:01,03:02,04:01,07:01,10:01,02:01,05:01
NA20363,ASW,68:02,74:01,18:01,57:01,06:02,07:04,13:01,07:01,03:03,05:01
NA20364,ASW,23:01,74:01,18:01,49:01,04:01,07:04,13:01,07:01,02:01,05:01
NA20502,TSI,01:01,31:01,07:02,35:02,04:01,07:02,11:04,13:21,03:01,06:03
NA20504,TSI,11:01,32:01,55:01,57:01,03:03,06:02,14:01,04:04,04:02,05:03
NA20505,TSI,02:01,32:01,35:03,57:01,04:01,06:02,16:01,07:01,03:03,05:02
NA20506,TSI,01:01,02:01,08:01,18:01,07:01,12:03,03:01,13:01,02:01,06:03
NA20508,TSI,01:01,24:02,41:02,57:01,06:02,17:01,13:03,04:07,03:01,03:01
NA20509,TSI,30:01,68:01,13:02,51:01,06:02,16:02,07:01,08:04,02:01,04:02
NA20510,TSI,02:05,24:02,15:17,55:01,01:02,07:01,11:01,13:02,03:01,06:04
NA20512,TSI,24:02,30:04,27:05,51:01,02:02,15:02,15:01,12:01,03:01,05:02
NA20515,TSI,03:01,30:02,07:02,18:01,05:01,07:02,15:01,13:02,06:02,06:09
NA20516,TSI,02:01,68:01,35:08,44:02,04:01,05:01,11:01,14:01,03:01,05:03
NA20517,TSI,24:02,29:02,35:02,44:03,04:01,16:01,11:04,07:01,03:03,03:01
NA20518,TSI,03:01,03:01,07:02,35:01,04:01,07:02,15:01,07:01,02:01,06:02
NA20519,TSI,02:01,29:01,13:02,51:01,02:02,06:02,11:01,07:01,02:01,03:01
NA20520,TSI,02:01,30:01,18:01,35:01,04:01,05:01,03:01,14:01,02:01,05:03
NA20521,TSI,23:01,26:01,14:01,49:01,07:01,08:02,11:01,07:01,02:01,03:01
NA20522,TSI,24:02,24:02,35:03,39:01,12:03,12:03,04:04,07:01,02:01,03:02
NA20524,TSI,11:01,23:01,44:03,49:01,04:01,07:01,07:01,08:03,02:01,03:01
NA20525,TSI,01:01,26:01,08:01,51:01,07:01,14:02,03:01,14:01,02:01,05:03
NA20527,TSI,29:01,68:01,07:02,07:05,07:02,15:05,15:01,03:01,02:01,06:02
NA20528,TSI,02:01,23:01,41:02,44:03,04:01,17:01,11:04,07:01,02:01,03:01
NA20529,TSI,02:01,30:01,15:01,55:01,03:03,03:03,14:01,14:01,05:03,05:03
NA20530,TSI,03:01,30:01,07:02,13:02,06:02,07:02,01:01,03:01,02:01,05:01
NA20531,TSI,02:01,02:01,35:01,44:02,04:01,05:01,03:01,08:01,02:01,04:02
NA20534,TSI,03:01,11:01,15:01,27:05,01:02,03:03,13:01,08:01,04:02,06:03
NA20535,TSI,03:01,23:01,07:02,51:01,07:02,14:02,14:01,08:02,04:02,05:03
NA20538,TSI,02:01,02:01,44:02,51:01,12:03,15:02,11:04,13:01,03:01,06:03
NA20539,TSI,03:01,33:03,07:02,58:01,03:02,07:02,15:01,13:02,06:02,06:09
NA20540,TSI,24:02,32:01,44:02,51:01,07:01,15:02,11:04,04:01,03:02,03:01
NA20541,TSI,01:01,02:01,08:01,35:03,04:01,07:01,15:01,03:01,02:01,06:02
NA20542,TSI,03:01,33:01,07:02,14:02,07:02,08:02,01:02,14:01,05:01,05:03
NA20543,TSI,01:01,32:01,08:01,53:01,04:01,07:01,03:01,13:02,02:01,06:09
NA20544,TSI,02:01,33:01,14:02,44:02,05:01,08:02,01:01,11:01,03:01,05:01
NA20581,TSI,02:01,24:02,51:01,57:01,06:02,14:02,11:01,07:01,03:03,03:01
NA20582,TSI,11:01,24:02,38:01,55:01,03:03,12:03,13:01,10:01,06:03,06:03
NA20585,TSI,03:01,24:02,07:02,07:02,07:02,07:02,15:01,13:01,06:02,06:03
NA20586,TSI,11:01,25:01,08:01,18:01,07:01,12:03,03:01,13:01,02:01,06:03
NA20588,TSI,01:01,02:01,08:01,51:01,02:02,07:01,03:01,11:01,02:01,03:01
NA20589,TSI,01:01,02:01,18:01,35:03,04:01,05:01,01:02,03:01,02:01,05:01
NA20752,TSI,24:02,26:01,13:02,51:01,06:02,14:02,01:01,07:01,03:01,05:01
NA20753,TSI,30:01,32:01,13:02,35:02,04:01,06:02,11:04,07:01,02:01,03:01
NA20754,TSI,11:01,33:03,35:01,58:01,03:02,04:01,11:01,13:02,03:01,06:09
NA20755,TSI,24:02,66:01,41:02,44:03,04:01,17:01,03:01,11:04,02:01,03:01
NA20756,TSI,02:01,23:01,49:01,51:01,07:01,14:02,01:01,08:01,04:02,05:04
NA20757,TSI,02:01,30:02,18:01,38:01,05:01,12:03,04:01,07:01,02:01,03:02
NA20758,TSI,01:01,24:02,08:01,55:01,01:02,07:01,03:01,13:01,02:01,06:03
NA20759,TSI,02:01,03:01,18:01,44:03,07:01,16:01,16:01,12:01,03:01,05:02
NA20760,TSI,01:01,24:02,15:01,57:01,03:03,06:02,04:04,07:01,03:02,03:03
NA20761,TSI,03:01,32:01,15:17,51:01,02:02,07:01,01:01,13:02,05:01,06:04
NA20765,TSI,11:01,24:02,55:01,58:01,03:04,07:01,04:02,08:04,03:02,04:02
NA20766,TSI,01:01,24:02,35:02,51:01,04:01,15:02,11:04,13:02,03:01,06:04
NA20768,TSI,01:01,02:01,18:01,44:03,04:01,07:01,11:04,07:01,02:01,03:01
NA20769,TSI,02:01,03:01,15:01,58:01,03:03,07:01,13:01,08:04,04:02,06:03
NA20770,TSI,02:01,02:01,50:01,51:01,06:02,15:02,07:01,12:01,02:01,03:01
NA20771,TSI,01:01,30:01,13:02,57:01,06:02,06:02,15:01,12:01,03:01,06:02
NA20772,TSI,31:01,33:03,40:01,51:01,03:04,04:01,04:04,04:07,03:02,03:01
NA20773,TSI,02:01,26:01,49:01,49:01,07:01,07:01,03:01,08:01,02:01,04:02
NA20774,TSI,02:01,23:01,50:01,51:01,04:01,05:01,16:01,13:03,03:01,05:02
NA20775,TSI,02:01,26:01,35:01,50:01,04:01,06:02,01:01,07:01,02:01,05:01
NA20778,TSI,03:02,03:01,07:02,35:03,07:02,12:03,15:01,14:01,05:03,06:02
NA20783,TSI,01:01,30:01,13:02,15:17,06:02,07:01,03:01,04:06,02:01,04:02
NA20785,TSI,01:01,02:01,18:01,52:01,07:01,12:02,15:02,11:01,03:01,06:01
NA20786,TSI,03:01,26:08,51:01,51:01,15:02,15:02,11:01,08:02,03:01,04:02
NA20787,TSI,01:01,26:01,38:01,39:06,12:03,12:03,16:02,07:01,02:01,05:02
NA20790,TSI,01:01,03:01,07:02,37:01,06:02,07:02,07:01,08:01,02:01,04:02
NA20792,TSI,03:02,24:02,15:09,35:01,04:01,07:04,11:01,13:02,03:01,06:04
NA20795,TSI,03:01,24:02,18:01,39:06,12:03,12:03,11:03,10:01,03:01,05:01
NA20796,TSI,02:01,02:01,07:02,51:01,07:02,14:02,15:01,11:01,03:01,06:02
NA20797,TSI,03:01,32:01,07:05,14:02,08:02,15:05,01:02,11:01,03:01,05:01
NA20798,TSI,01:01,24:02,07:02,08:01,07:01,07:02,15:01,04:01,03:02,06:02
NA20799,TSI,03:01,03:01,15:18,57:02,03:03,18:01,01:02,11:01,03:01,05:01
NA20800,TSI,01:01,26:01,37:01,44:03,06:02,16:01,03:01,10:01,02:01,05:01
NA20801,TSI,02:01,02:01,18:01,44:02,05:01,07:01,01:01,07:01,02:01,05:01
NA20802,TSI,01:01,02:01,08:01,40:01,03:04,07:01,03:01,07:01,02:01,02:01
NA20803,TSI,03:01,32:01,44:03,53:01,12:03,16:01,13:02,07:01,02:01,06:04
NA20804,TSI,02:01,02:01,35:02,51:01,06:02,15:02,11:04,07:01,03:03,03:01
NA20805,TSI,24:02,30:02,18:01,44:02,05:01,16:04,03:01,11:04,03:03,03:01
NA20806,TSI,02:01,26:01,35:03,51:01,04:01,07:02,15:01,15:01,06:02,06:02
NA20807,TSI,03:01,26:01,07:02,08:01,07:02,07:02,15:01,03:01,02:01,06:02
NA20808,TSI,02:01,31:01,07:05,51:01,14:02,15:05,15:01,15:02,05:02,06:01
NA20809,TSI,03:01,29:02,07:02,44:03,07:02,16:01,01:01,04:04,03:02,05:01
NA20810,TSI,02:01,32:01,35:03,39:06,04:01,12:03,16:01,13:02,05:02,06:04
NA20811,TSI,02:01,69:01,35:08,57:01,07:01,12:03,11:04,07:01,03:03,03:01
NA20812,TSI,01:01,02:01,18:01,41:01,12:03,17:01,15:01,07:01,03:03,05:02
NA20813,TSI,24:02,32:01,07:02,44:02,05:01,12:03,15:01,04:01,03:01,05:02
NA20815,TSI,03:01,31:01,35:01,44:02,04:01,05:01,01:01,16:01,05:01,05:02
NA20816,TSI,03:01,31:01,15:01,44:02,03:03,05:01,11:01,11:03,03:01,03:01
NA20818,TSI,01:01,11:01,35:02,35:01,04:01,04:01,11:04,13:01,03:01,06:03
NA20819,TSI,02:17,11:01,35:01,51:01,04:01,15:02,01:01,11:01,03:01,05:01
NA20826,TSI,24:02,30:01,13:02,38:01,06:02,12:03,13:01,07:01,02:01,06:03
NA20828,TSI,02:01,02:01,49:01,51:01,05:01,07:01,11:01,07:01,02:01,03:01
